Suburb,Address,Rooms,Type,Price,Method,SellerG,Date,Distance,Postcode,Bedroom2,Bathroom,Car,Landsize,BuildingArea,YearBuilt,CouncilArea,Latitude,Longitude,Regionname,Propertycount
Caroline Springs,1 Aberfeldie Wy,5,h,680000,VB,Barry,3/02/2018,14.8,3023,5,3,2,,217,2005,Melton City Council,-37.72705,144.74856,Western Metropolitan,7719
Doncaster,1 Adelle Ct,3,h,1700000,S,Barry,29/04/2017,13.9,3108,3,2,2,820,,,Manningham City Council,-37.7803,145.1248,Eastern Metropolitan,9028
Brighton,1 Airlie St,3,h,1342000,S,Marshall,16/09/2017,10.5,3186,3,1,3,287,110,1910,Bayside City Council,-37.88879,144.99833,Southern Metropolitan,10579
Hoppers Crossing,1 Albion Ct,3,h,650000,S,Purplebricks,23/09/2017,18.4,3029,3,2,2,913,174,,Wyndham City Council,-37.85152,144.70802,Western Metropolitan,13830
Brighton East,1 Alexander St,3,h,1301000,SP,Buxton,12/11/2016,10.7,3187,3,2,2,401,121,1926,Bayside City Council,-37.9062,145.0173,Southern Metropolitan,6938
Aberfeldie,1 Alma St,4,h,1436000,S,Brad,3/09/2017,7.5,3040,4,3,3,511,187,1922,Moonee Valley City Council,-37.75788,144.90487,Western Metropolitan,1543
Pascoe Vale,1 Amber Ct,2,u,496000,S,Brad,9/12/2017,8.5,3044,,,,,,,Moreland City Council,-37.7168,144.94426,Northern Metropolitan,7485
Pascoe Vale,1 Ann St,4,h,1260000,S,Eview,26/08/2017,8.5,3044,4,2,4,578,171,1920,Moreland City Council,-37.73058,144.9353,Northern Metropolitan,7485
Glen Iris,1 Anthony St,5,h,5770000,S,Marshall,26/08/2017,7.3,3146,5,3,2,,638,2011,Boroondara City Council,-37.86048,145.0487,Southern Metropolitan,10412
Hoppers Crossing,1 Arcadian Pl,3,h,646000,S,Barry,17/02/2018,18.4,3029,3,2,2,573,,1999,Wyndham City Council,-37.85263,144.71105,Western Metropolitan,13830
Hawthorn,1 Ardene Ct,4,h,2725000,S,Marshall,28/10/2017,5.3,3122,4,2,2,,,,Boroondara City Council,-37.82558,145.03248,Southern Metropolitan,11308
Brighton East,1 Arnot St,5,h,2500000,VB,Hodges,10/12/2016,10.7,3187,5,3,2,634,,2005,Bayside City Council,-37.9126,145.013,Southern Metropolitan,6938
Braybrook,1 Arthur St,2,h,660000,S,Barry,19/11/2016,10.8,3019,2,1,1,599,,1960,Maribyrnong City Council,-37.7908,144.8522,Western Metropolitan,3589
Oak Park,1 Ash Gr,3,h,955000,S,Considine,8/04/2017,11.5,3046,3,1,2,690,,1950,Moreland City Council,-37.7167,144.9127,Northern Metropolitan,2651
Lalor,1 Ashdown Ct,3,h,671000,SP,Ray,26/08/2017,16.3,3075,3,1,2,418,,,Whittlesea City Council,-37.66349,145.03391,Northern Metropolitan,8279
St Albans,1 Aspen St,3,h,600000,VB,Westside,8/07/2017,14,3021,3,2,6,532,,,Brimbank City Council,-37.75424,144.80816,Western Metropolitan,14042
Glen Waverley,1 Aston Hth,3,h,1329000,S,Barry,28/10/2017,16.7,3150,,,,,,,Monash City Council,-37.88708,145.18653,Eastern Metropolitan,15321
Moonee Ponds,1 Athol St,4,h,1350000,PI,Brad,10/09/2016,6.9,3039,4,2,2,447,,1880,Moonee Valley City Council,-37.7704,144.9199,Western Metropolitan,6232
Bentleigh,1 Auckland St,3,h,1300000,VB,Buxton,9/12/2017,11.4,3204,3,1,2,585,133,1960,Glen Eira City Council,-37.92647,145.04636,Southern Metropolitan,6795
Hawthorn East,1 Avenue Victoria,3,h,2040000,S,Nelson,27/06/2016,7.5,3123,3,1,2,783,,,Boroondara City Council,-37.8234,145.0526,Southern Metropolitan,6482
Vermont,1 Bahama Ct,4,h,1270000,S,M.J,3/06/2017,17.2,3133,4,2,2,600,,,Maroondah City Council,-37.83944,145.18641,Eastern Metropolitan,4181
Fawkner,1 Baird St,3,h,687000,S,Brad,20/05/2017,12.4,3060,3,2,1,577,,,Hume City Council,-37.7071,144.9706,Northern Metropolitan,5070
Reservoir,1 Balfour St,3,h,630000,S,Woodards,24/06/2017,12,3073,3,1,2,0,,,Darebin City Council,-37.69528,145.00523,Northern Metropolitan,21650
Coburg,1 Balloan St,6,h,1455000,S,Brad,29/04/2017,7.8,3058,6,3,4,768,285,1997,Darebin City Council,-37.7397,144.9603,Northern Metropolitan,11204
Heidelberg West,1 Bardia St,3,h,726500,S,William,1/07/2017,8.8,3081,3,1,0,593,95,1950,Banyule City Council,-37.7482,145.04073,Eastern Metropolitan,2674
Frankston South,1 Barriedale Gr,4,h,920000,SA,Barry,17/03/2018,38,3199,4,2,2,2878,,1980,Frankston City Council,-38.19043,145.13817,South-Eastern Metropolitan,7566
Hadfield,1 Barunah St,4,h,777000,S,Eview,13/08/2016,12.1,3046,3,1,2,700,176,1960,Moreland City Council,-37.704,144.9399,Northern Metropolitan,2606
Elsternwick,1 Baxter St,3,h,1460000,SP,Biggin,17/06/2017,7.2,3185,3,1,0,377,133,1915,Glen Eira City Council,-37.88783,145.01324,Southern Metropolitan,4898
Templestowe Lower,1 Beacon Ct,4,h,975000,S,Fletchers,19/11/2016,13.8,3107,4,2,2,953,,,Manningham City Council,-37.7625,145.1256,Eastern Metropolitan,5420
Craigieburn,1 Bee Ct,3,h,520000,SA,YPA,10/02/2018,20.6,3064,3,1,0,583,104,1985,Hume City Council,-37.59706,144.94012,Northern Metropolitan,15510
Preston,1 Bellarine St,5,h,1400000,PI,hockingstuart,3/06/2017,8.4,3072,5,2,2,558,217,1925,Darebin City Council,-37.73472,144.99658,Northern Metropolitan,14577
Preston,1 Bellarine St,4,h,1400000,VB,Jellis,18/03/2017,8.8,3072,4,2,2,559,217,1925,Darebin City Council,-37.7347,144.9966,Northern Metropolitan,14577
Derrimut,1 Belvoir Gdns,4,h,750000,VB,Douglas,8/07/2017,14.7,3030,4,2,2,655,,,Brimbank City Council,-37.79571,144.76656,Western Metropolitan,2276
Elsternwick,1 Bent St,3,h,2160000,S,Biggin,18/03/2017,8.5,3185,3,1,1,590,185,,Glen Eira City Council,-37.8807,145.0005,Southern Metropolitan,4898
Mulgrave,1 Bentley Ct,4,h,880000,PI,Barry,10/02/2018,18.8,3170,4,2,1,652,,1960,Monash City Council,-37.92569,145.17261,South-Eastern Metropolitan,7113
Spotswood,1 Bernard St,3,h,785000,S,Williams,24/06/2017,6.2,3015,3,1,2,343,,,Hobsons Bay City Council,-37.83187,144.88966,Western Metropolitan,1223
Donvale,1 Bernarra Ct,7,h,2705000,S,Ray,1/07/2017,16.1,3111,7,2,4,5022,409.54,2004,Manningham City Council,-37.76598,145.19329,Eastern Metropolitan,4790
Yarraville,1 Berry St,4,h,1700000,S,Jas,14/10/2017,6.3,3013,4,2,2,,236,2011,Maribyrnong City Council,-37.81185,144.89707,Western Metropolitan,6543
Ormond,1 Bethell St,3,h,1256000,S,hockingstuart,6/08/2016,11.8,3204,3,2,2,378,,1924,Glen Eira City Council,-37.9064,145.0287,Southern Metropolitan,3578
Broadmeadows,1 Bicknell Ct,3,h,500000,PI,Love,9/12/2017,14,3047,3,1,1,404,86,1960,Hume City Council,-37.69412,144.92005,Northern Metropolitan,4294
Jacana,1 Biltris Ct,3,h,570000,PI,YPA,14/10/2017,14,3047,3,1,0,723,76,1960,Hume City Council,-37.69064,144.91105,Northern Metropolitan,851
Kew,1 Birrell Ct,4,h,3385000,PI,RT,18/11/2017,5.4,3101,4,3,3,531,332,1970,Boroondara City Council,-37.8042,145.0572,Southern Metropolitan,10331
Broadmeadows,1 Bittern St,4,h,680000,S,Stockdale,14/10/2017,14,3047,4,1,7,,0,1980,Hume City Council,-37.67892,144.90803,Northern Metropolitan,4294
Ormond,1 Blackshaw St,2,h,1668000,S,Buxton,24/09/2016,11.8,3204,3,1,2,595,,,Glen Eira City Council,-37.9092,145.0507,Southern Metropolitan,3578
Melton South,1 Bligh St,3,h,413000,S,Raine,28/10/2017,29.8,3338,3,1,1,587,94,1980,Melton City Council,-37.70945,144.56748,Western Victoria,4718
Ascot Vale,1 Bloomfield Rd,3,h,1305000,S,Barry,28/05/2016,5.9,3032,2,1,1,278,166,1900,Moonee Valley City Council,-37.7768,144.9223,Western Metropolitan,6567
Vermont,1 Bolinda Pl,4,h,1160000,VB,Barry,9/12/2017,17.2,3133,4,2,3,654,270,1985,Maroondah City Council,-37.84351,145.19246,Eastern Metropolitan,4181
Balwyn North,1 Bolinda Rd,3,h,1700000,VB,Fletchers,13/08/2016,9.2,3104,3,2,3,763,168,1960,Boroondara City Council,-37.7935,145.0865,Southern Metropolitan,7809
Sunshine,1 Boreham St,3,h,610000,S,Barry,16/04/2016,12.6,3020,3,1,0,705,118,1965,Brimbank City Council,-37.8005,144.822,Western Metropolitan,3755
Coburg North,1 Boyne St,2,h,745000,SP,Raine,10/12/2016,9.2,3058,2,1,3,526,90,1940,Darebin City Council,-37.732,144.9832,Northern Metropolitan,3445
Brooklyn,1 Brack Av,3,h,901000,SP,hockingstuart,23/09/2017,6.4,3012,3,2,3,738,,,Brimbank City Council,-37.8227,144.84094,Western Metropolitan,962
Essendon,1 Braemar St,3,h,1505000,S,Jellis,30/07/2016,8,3040,3,2,2,625,,,Moonee Valley City Council,-37.7489,144.9073,Western Metropolitan,9264
Keilor East,1 Brees Rd,6,h,925000,VB,Barry,9/12/2017,11.7,3033,6,3,2,516,268,1970,Brimbank City Council,-37.75045,144.87158,Western Metropolitan,5629
Mitcham,1 Brian St,3,h,985000,S,Philip,17/02/2018,17.2,3132,3,1,1,630,110,1950,Whitehorse City Council,-37.82505,145.18797,Eastern Metropolitan,6871
Heidelberg West,1 Bridgeford Ct,2,h,520000,S,Jellis,21/10/2017,8.8,3081,2,1,,,,,Banyule City Council,-37.74318,145.04642,Eastern Metropolitan,2674
Taylors Hill,1 Brighton Pl,4,h,735000,S,Barry,10/02/2018,18,3037,4,2,2,596,210,2003,Melton City Council,-37.70715,144.75963,Western Metropolitan,4242
Carrum Downs,1 Broderick Rd,4,h,546000,SP,Harcourts,26/08/2017,34.9,3201,3,1,1,646,103,1987,Frankston City Council,-38.10346,145.18159,South-Eastern Metropolitan,8060
Brighton East,1 Bruce St,4,h,1655000,PI,Hodges,12/08/2017,10.3,3187,4,2,4,651,,,Bayside City Council,-37.90296,145.02261,Southern Metropolitan,6938
Mill Park,1 Buckmaster Dr,5,h,650000,VB,The,28/10/2017,17.9,3082,5,2,2,,216,1990,Whittlesea City Council,-37.66768,145.06455,Northern Metropolitan,10529
Seddon,1 Bute St,3,h,1315000,PI,Biggin,27/05/2017,5.1,3011,4,3,2,122,,1950,Maribyrnong City Council,-37.80401,144.89519,Western Metropolitan,2417
West Footscray,1 Buxton St,3,h,1061000,S,Burnham,3/12/2016,8.2,3012,3,1,1,533,,,Maribyrnong City Council,-37.7955,144.8784,Western Metropolitan,5058
Heidelberg West,1 Calola St,3,h,1265000,S,William,7/10/2017,8.8,3081,3,1,1,704,,,Banyule City Council,-37.74305,145.04231,Eastern Metropolitan,2674
Reservoir,1 Cameron St,3,h,861000,S,Stockdale,3/09/2017,12,3073,3,2,3,488,135,1950,Darebin City Council,-37.72747,145.00035,Northern Metropolitan,21650
Meadow Heights,1 Camms Wy,3,h,520000,SP,Barry,17/03/2018,17.4,3048,3,1,1,487,,,Hume City Council,-37.6578,144.91286,Northern Metropolitan,4704
Meadow Heights,1 Canadian Ct,3,h,563000,S,Barry,24/02/2018,17.4,3048,3,1,1,662,,,Hume City Council,-37.65863,144.92207,Northern Metropolitan,4704
Ormond,1 Carcoola Ct,3,h,1470000,S,Woodards,25/02/2017,11.8,3204,3,2,2,0,163,1980,Glen Eira City Council,-37.9071,145.0439,Southern Metropolitan,3578
Melton,1 Carina Dr,5,h,460000,S,hockingstuart,3/09/2017,31.7,3337,5,2,2,590,,,Melton City Council,-37.68217,144.56926,Western Victoria,3600
Dandenong,1 Caroline St,3,h,669000,S,Stockdale,22/07/2017,24.7,3175,3,1,1,713,145,1960,Greater Dandenong City Council,-37.98997,145.2254,South-Eastern Metropolitan,10894
Epping,1 Centurion Ct,3,h,600000,S,Love,15/07/2017,19.6,3076,3,1,2,524,155,1970,Whittlesea City Council,-37.64273,145.03751,Northern Metropolitan,10926
Dingley Village,1 Chadree Ct,3,h,840000,S,Buxton,24/06/2017,22.2,3172,3,2,2,542,,,Kingston City Council,-37.98536,145.13434,South-Eastern Metropolitan,3940
Prahran,1 Chatsworth Rd,2,h,1090000,PI,hockingstuart,10/09/2016,4.5,3181,2,1,1,158,,,Stonnington City Council,-37.8531,145.0063,Southern Metropolitan,7717
Bundoora,1 Chaucer Cr,4,h,760000,S,Barry,26/08/2017,12.1,3083,4,1,2,,170,1972,Banyule City Council,-37.6965,145.06566,Northern Metropolitan,10175
Ardeer,1 Chelsey St,3,h,627000,S,Barry,29/07/2017,12.8,3022,3,1,2,697,102,1960,Brimbank City Council,-37.77713,144.79746,Western Metropolitan,1281
Greenvale,1 Chester Cl,3,h,680000,S,Barry,3/06/2017,20.4,3059,3,2,1,650,204,1990,Hume City Council,-37.64049,144.8846,Northern Metropolitan,4864
Maribyrnong,1 Chifley Dr,2,h,1650000,VB,Nelson,9/12/2017,4.3,3032,2,1,4,865,,,Maribyrnong City Council,-37.7691,144.9005,Western Metropolitan,4918
Aberfeldie,1 Chisholm St,3,u,726000,S,Barry,24/09/2016,9.1,3040,3,1,1,229,111,1996,Moonee Valley City Council,-37.7606,144.8973,Western Metropolitan,1543
Deer Park,1 Christie St,3,h,632000,S,HAR,23/09/2017,14.8,3023,3,1,1,562,118,1960,Brimbank City Council,-37.77224,144.77381,Western Metropolitan,6388
Kilsyth,1 Churchill Wy,2,h,830000,S,McGrath,6/01/2018,26,3137,2,1,1,906,91,1950,Maroondah City Council,-37.80065,145.30393,Eastern Metropolitan,4654
Cheltenham,1 Clendon Ct,3,h,950000,VB,Greg,6/01/2018,17.9,3192,3,2,2,488,,,Bayside City Council,-37.95187,145.05844,Southern Metropolitan,9758
Blackburn,1 Clifton St,4,h,1500000,S,Woodards,17/03/2018,13.4,3130,4,2,2,661,,,Whitehorse City Council,-37.82826,145.16596,Eastern Metropolitan,5713
Murrumbeena,1 Clive St,3,h,1450000,VB,Gary,11/11/2017,10.1,3163,3,2,2,487,,1930,Glen Eira City Council,-37.888,145.075,Southern Metropolitan,4442
Hawthorn,1 College St,3,h,1560000,PI,Jellis,18/03/2017,4.6,3122,3,2,0,198,148,1910,Boroondara City Council,-37.8169,145.0234,Southern Metropolitan,11308
Chelsea,1 Collins Ct,3,h,911000,S,Hodges,9/12/2017,27,3196,3,2,2,533,,1980,Kingston City Council,-38.04082,145.1249,South-Eastern Metropolitan,3906
Craigieburn,1 Consort Pl,4,h,615000,S,YPA,12/08/2017,20.6,3064,4,2,2,756,222,2001,Hume City Council,-37.5729,144.93663,Northern Metropolitan,15510
Port Melbourne,1 Coogee Pl,3,h,2200000,S,Biggin,28/10/2017,3.5,3207,3,2,2,300,182,2000,Melbourne City Council,-37.83898,144.92723,Southern Metropolitan,8648
Seaford,1 Coonara Av,3,h,790000,SP,O'Brien,7/10/2017,35.4,3198,3,1,2,630,131,1968,Frankston City Council,-38.09995,145.12863,South-Eastern Metropolitan,8077
Bulleen,1 Coromandel Ct,5,h,1748000,S,Jellis,18/11/2017,10.8,3105,5,3,2,,,,Manningham City Council,-37.7735,145.0891,Eastern Metropolitan,4480
Vermont South,1 Cottonwood Av,3,h,1120000,SP,Ray,17/03/2018,17.2,3133,3,2,2,647,145,1980,Whitehorse City Council,-37.85785,145.17049,Eastern Metropolitan,4280
Taylors Lakes,1 Cowes Pl,4,h,853000,S,Barry,15/07/2017,15.5,3038,4,3,2,724,330,1990,Brimbank City Council,-37.70941,144.7873,Western Metropolitan,5336
Doncaster,1 Crawford Rd,3,h,900000,S,Barry,28/08/2016,13.9,3108,4,3,2,385,,,Manningham City Council,-37.7774,145.1205,Eastern Metropolitan,9028
Brunswick West,1 Culloden St,3,h,995000,S,Brad,23/04/2016,5.9,3055,3,1,2,505,,,Moreland City Council,-37.757,144.9446,Northern Metropolitan,7082
Mitcham,1 Culwell Av,3,h,855000,S,Noel,26/08/2017,17.2,3132,3,2,2,,,,Whitehorse City Council,-37.8229,145.209,Eastern Metropolitan,6871
Greenvale,1 Cupar Pl,4,h,1210000,S,Barry,18/11/2017,20.4,3059,4,2,2,4007,,,Hume City Council,-37.6468,144.8847,Northern Metropolitan,4864
Doncaster,1 Curnola Av,3,h,1600000,S,Barry,17/03/2018,12.4,3108,3,1,2,728,131,1962,Manningham City Council,-37.78118,145.11029,Eastern Metropolitan,9028
Brighton East,1 Curzon St,3,h,1975000,S,Kay,13/05/2017,10.7,3187,3,1,2,688,,,Bayside City Council,-37.9212,145.013,Southern Metropolitan,6938
Niddrie,1 Cuthbert St,2,h,800000,S,Frank,23/09/2017,10.4,3042,2,1,2,352,83,1950,Moonee Valley City Council,-37.7361,144.88306,Western Metropolitan,2291
Point Cook,1 Daisy Dr,4,h,738000,S,Point,17/03/2018,14.7,3030,4,2,2,540,,,Wyndham City Council,-37.90482,144.75049,Western Metropolitan,15542
Essendon,1 Daisy St,4,h,1360000,S,Jellis,3/06/2017,7.5,3040,4,2,1,267,,,Moonee Valley City Council,-37.75472,144.92723,Western Metropolitan,9264
Essendon,1 Daisy St,4,h,1400000,VB,Nelson,8/04/2017,8,3040,4,2,1,267,,,Moonee Valley City Council,-37.7558,144.9106,Western Metropolitan,9264
Pascoe Vale,1 Dale Av,2,h,800000,VB,Nelson,6/01/2018,8.5,3044,2,1,,1579,,,Moreland City Council,-37.73473,144.93909,Northern Metropolitan,7485
Brunswick,1 Davison St,3,h,1000000,S,Nelson,24/09/2016,5.2,3056,3,1,1,370,,,Moreland City Council,-37.7632,144.9572,Northern Metropolitan,11918
Reservoir,1 Delaware St,2,h,861500,S,Nelson,13/05/2017,11.2,3073,2,1,1,419,100,1940,Darebin City Council,-37.721,145.016,Northern Metropolitan,21650
Albion,1 Delmont St,4,h,810000,SP,hockingstuart,23/09/2017,10.5,3020,4,1,3,,,,Brimbank City Council,-37.78043,144.81277,Western Metropolitan,2185
Sunbury,1 Denison Ct,3,h,468000,PI,Brad,25/11/2017,31.7,3429,3,2,0,711,11,1986,Hume City Council,-37.5867,144.7111,Western Metropolitan,14092
Brunswick,1 Denman St,4,h,1500000,PI,Jellis,8/04/2017,5.2,3056,4,2,1,459,,,Moreland City Council,-37.7548,144.9545,Northern Metropolitan,11918
Cheltenham,1 Dewrang St,3,h,1010000,SA,Hodges,27/05/2017,17.9,3192,3,1,2,532,,,Bayside City Council,-37.95746,145.06706,Southern Metropolitan,9758
Sunshine West,1 Diana Dr,3,h,770000,S,Jellis,28/10/2017,10.5,3020,3,2,2,,167,2010,Brimbank City Council,-37.7888,144.78904,Western Metropolitan,6763
Blackburn North,1 Diana Dr,4,h,1280000,SP,Noel,17/06/2017,13.4,3130,4,2,1,797,164,1960,Whitehorse City Council,-37.80755,145.1638,Eastern Metropolitan,2867
Albert Park,1 Dinsdale St,3,h,2720000,S,hockingstuart,28/10/2017,3,3206,3,1,1,259,,,Port Phillip City Council,-37.84476,144.95164,Southern Metropolitan,3280
Epping,1 Discovery Pl,4,h,766000,S,Melbourne,7/10/2017,19.6,3076,4,2,2,523,230,2012,Whittlesea City Council,-37.62245,145.00944,Northern Metropolitan,10926
Reservoir,1 Don St,4,h,1112000,S,RW,26/08/2017,12,3073,4,2,10,1002,170,1985,Darebin City Council,-37.70671,145.03086,Northern Metropolitan,21650
Murrumbeena,1 Donal St,4,h,1400000,VB,hockingstuart,25/02/2017,12.1,3163,4,2,2,557,178,1955,Glen Eira City Council,-37.906,145.074,Southern Metropolitan,4442
Bentleigh,1 Donaldson St,3,h,1730000,S,Jellis,14/10/2017,11.4,3204,3,1,2,569,0,1940,Glen Eira City Council,-37.91456,145.04109,Southern Metropolitan,6795
West Footscray,1 Dongola Rd,3,h,935000,S,Jas,22/04/2017,8.2,3012,3,1,2,325,102,1925,Maribyrnong City Council,-37.7922,144.8818,Western Metropolitan,5058
Greensborough,1 Doris St,3,h,727000,SP,Fletchers,25/11/2017,16.1,3088,3,1,1,298,,,Banyule City Council,-37.7076,145.0914,Northern Metropolitan,8524
Pascoe Vale,1 Dorothy St,3,h,802000,S,Nelson,27/05/2017,8.5,3044,3,2,1,450,,,Moreland City Council,-37.71872,144.94871,Northern Metropolitan,7485
Pascoe Vale,1 Dorset Rd,2,h,630000,S,YPA,23/04/2016,9.9,3044,2,1,1,602,,,Moreland City Council,-37.724,144.9501,Northern Metropolitan,7485
Glen Waverley,1 Dorset St,3,h,1070000,S,Harcourts,8/07/2017,16.7,3150,3,2,1,839,116,1970,Monash City Council,-37.89813,145.14652,Eastern Metropolitan,15321
Glenroy,1 Dromana St,3,h,865000,S,Brad,27/05/2017,11.2,3046,3,1,1,746,152,1960,Moreland City Council,-37.71051,144.90925,Northern Metropolitan,8870
Essendon North,1 Dudley St,3,h,1425000,S,McGrath,25/02/2017,9.4,3041,3,2,2,10100,,,Moonee Valley City Council,-37.7376,144.8954,Western Metropolitan,1308
Templestowe,1 Dundee Ct,5,h,1550000,VB,Jellis,3/09/2017,15.5,3106,5,2,2,,,,Manningham City Council,-37.76152,145.16168,Eastern Metropolitan,6202
Mitcham,1 Dunlavin Rd,4,h,890000,S,Buxton,23/09/2017,17.2,3132,4,2,2,481,166,1965,Whitehorse City Council,-37.80961,145.1847,Eastern Metropolitan,6871
Gowanbrae,1 Duranta Dr,3,h,790000,S,Nelson,6/01/2018,12.9,3043,3,2,4,371,176,2014,Moreland City Council,-37.70212,144.90104,Western Metropolitan,1071
Newport,1 Durkin St,2,h,740000,S,RT,16/04/2016,8.4,3015,2,2,1,213,127,2006,Hobsons Bay City Council,-37.8441,144.8805,Western Metropolitan,5498
Ascot Vale,1 East St,3,t,1000000,S,Nelson,27/11/2016,5.9,3032,3,2,2,200,144,2003,Moonee Valley City Council,-37.7766,144.9277,Western Metropolitan,6567
Heidelberg West,1 Ebony Pde,3,h,710000,S,William,1/07/2017,8.8,3081,3,1,1,577,,,Banyule City Council,-37.74307,145.0399,Eastern Metropolitan,2674
Brunswick West,1 Egginton St,4,h,1268000,SP,Alexkarbon,24/06/2017,5.2,3055,4,2,2,645,217,1950,Moreland City Council,-37.76097,144.93933,Northern Metropolitan,7082
Werribee,1 Egret Ct,3,h,470000,SP,Greg,21/10/2017,14.7,3030,3,2,2,568,146,1987,Wyndham City Council,-37.88173,144.66524,Western Metropolitan,16166
Camberwell,1 Elaroo Av,5,h,2650000,PI,Marshall,28/10/2017,7.7,3124,5,3,3,696,,,Boroondara City Council,-37.83904,145.07381,Southern Metropolitan,8920
Watsonia,1 Elder St,3,h,632000,PI,Darren,25/02/2017,14.9,3087,3,1,2,650,,,Banyule City Council,-37.711,145.0854,Northern Metropolitan,2329
Camberwell,1 Ellsworth Cr,3,t,1220000,PI,Jellis,16/09/2017,7.7,3124,3,2,2,,,2014,Boroondara City Council,-37.84096,145.08823,Southern Metropolitan,8920
Newport,1 Elphin St,2,h,1070000,S,Jas,29/04/2017,8.4,3015,2,1,3,480,,,Hobsons Bay City Council,-37.8431,144.8919,Western Metropolitan,5498
Dingley Village,1 Ely Ct,4,h,890000,S,Buxton,11/11/2017,22.2,3172,4,2,2,,230,1970,Kingston City Council,-37.9811,145.1266,South-Eastern Metropolitan,3940
Preston,1 Emerald St,2,h,650000,VB,Barry,3/03/2018,8.4,3072,2,1,2,200,112,2016,Darebin City Council,-37.7443,145.01791,Northern Metropolitan,14577
Sunshine West,1 Emslie St,3,h,555000,S,Barry,22/08/2016,13.5,3020,3,1,1,836,106,1975,Brimbank City Council,-37.8003,144.8097,Western Metropolitan,6763
Glen Iris,1 Estella St,4,h,2920000,S,Marshall,27/05/2017,7.3,3146,4,3,3,1064,,,Boroondara City Council,-37.86224,145.06406,Southern Metropolitan,10412
Frankston,1 Fairway St,3,h,825000,S,hockingstuart,7/10/2017,38,3199,3,1,1,821,,,Frankston City Council,-38.13552,145.13269,South-Eastern Metropolitan,17055
Coburg,1 Farm Rd,4,h,900000,VB,RT,21/10/2017,6.7,3058,4,2,2,,172,2000,Darebin City Council,-37.73596,144.97179,Northern Metropolitan,11204
Sunshine,1 Farnsworth St,3,h,850000,S,Bells,3/03/2018,10.5,3020,3,1,,510,,1950,Brimbank City Council,-37.7798,144.83771,Western Metropolitan,3755
Mitcham,1 Fawcett St,3,h,1020000,S,Philip,6/01/2018,17.2,3132,3,1,1,697,,,Whitehorse City Council,-37.80604,145.19581,Eastern Metropolitan,6871
Keysborough,1 Fenton Ct,3,h,775000,S,Barry,7/10/2017,25.2,3173,3,2,2,,531,,Greater Dandenong City Council,-37.99693,145.16925,South-Eastern Metropolitan,8459
Malvern East,1 Ferncroft Av,3,h,2200000,VB,Marshall,24/02/2018,8.4,3145,3,2,2,735,224,1920,Stonnington City Council,-37.86652,145.0569,Southern Metropolitan,8801
Albanvale,1 Fernhill Ct,4,h,560000,S,Barry,11/11/2017,14,3021,4,1,2,546,149,1978,Brimbank City Council,-37.744,144.7672,Western Metropolitan,1899
Carlton North,1 Fletcher La,2,h,800000,PI,Nelson,10/12/2016,3.2,3054,2,1,1,73,104,2009,Melbourne City Council,-37.7852,144.9719,Northern Metropolitan,3106
Keilor Park,1 Flinders St,3,h,821000,S,Stockdale,26/08/2017,10.4,3042,3,1,2,581,,1975,Brimbank City Council,-37.72282,144.85681,Western Metropolitan,1119
Seddon,1 Florence St,3,h,1010000,SP,hockingstuart,21/10/2017,5.1,3011,3,1,0,436,92,1910,Maribyrnong City Council,-37.80868,144.88483,Western Metropolitan,2417
Melton South,1 Fraser St,3,h,395000,S,YPA,26/08/2017,29.8,3338,3,1,1,649,105,1975,Melton City Council,-37.69891,144.57645,Western Victoria,4718
Carnegie,1 Frogmore Rd,3,h,1600000,S,Woodards,7/05/2016,11.4,3163,4,2,2,751,40,1923,Glen Eira City Council,-37.8945,145.0648,Southern Metropolitan,7822
Bulleen,1 Fuller St,4,h,1351000,S,Jellis,28/05/2016,11.8,3105,4,2,2,740,,,Manningham City Council,-37.7781,145.0901,Eastern Metropolitan,4480
Bellfield,1 Garrett Cr,3,h,795000,S,William,7/10/2017,8.8,3081,3,2,2,368,96,1940,Banyule City Council,-37.75259,145.03621,Eastern Metropolitan,790
Preston,1 George St,3,h,735000,S,hockingstuart,8/10/2016,8.8,3072,3,1,2,369,94,1950,Darebin City Council,-37.7359,144.985,Northern Metropolitan,14577
Maidstone,1 Gilda St,3,h,793000,S,hockingstuart,27/05/2017,6.4,3012,3,1,2,417,,,Maribyrnong City Council,-37.78867,144.87397,Western Metropolitan,3873
Craigieburn,1 Gillingham Cr,3,h,562750,S,Barry,17/02/2018,20.6,3064,3,1,4,659,126,1987,Hume City Council,-37.60216,144.93012,Northern Metropolitan,15510
Keilor East,1 Giuliano Ct,3,h,700000,VB,Nelson,4/03/2017,12.8,3033,3,2,2,288,116,1999,Brimbank City Council,-37.7514,144.8731,Western Metropolitan,5629
Bentleigh East,1 Gladesville Dr,5,h,1220000,S,Buxton,1/07/2017,13.8,3165,5,2,2,611,188,1950,Glen Eira City Council,-37.93228,145.07026,Southern Metropolitan,10969
Rowville,1 Glenn Ct,4,h,955000,SP,Harcourts,16/09/2017,23.5,3178,4,2,2,,192,1999,Knox City Council,-37.93328,145.25559,South-Eastern Metropolitan,11667
Bundoora,1 Gloria Ct,3,h,765000,S,RW,28/10/2017,12.1,3083,3,1,2,,,1980,Banyule City Council,-37.69829,145.0736,Northern Metropolitan,10175
Heidelberg West,1 Goodenough Ct,3,h,830000,S,Barry,4/03/2017,9.4,3081,3,2,0,643,,,Banyule City Council,-37.737,145.0364,Eastern Metropolitan,2674
Bentleigh East,1 Goodrich St,3,h,1240000,S,Woodards,9/12/2017,13.8,3165,3,1,4,663,150,1960,Glen Eira City Council,-37.91153,145.07831,Southern Metropolitan,10969
Glenroy,1 Gordon Ct,3,h,737000,S,Stockdale,8/10/2016,13,3046,3,1,4,640,97,1950,Moreland City Council,-37.6986,144.9243,Northern Metropolitan,8870
Gowanbrae,1 Gowanbrae Dr,3,h,631000,S,Nelson,3/09/2016,13.6,3043,3,2,2,608,138,2001,Moreland City Council,-37.709,144.8925,Western Metropolitan,1071
Doncaster,1 Graeme Cl,4,h,2000000,S,Barry,10/12/2016,13.9,3108,4,3,2,507,,,Manningham City Council,-37.7738,145.1308,Eastern Metropolitan,9028
Clayton South,1 Granville Gr,3,h,1100000,S,Buxton,24/02/2018,17.5,3169,3,1,1,726,,,Kingston City Council,-37.93117,145.11288,South-Eastern Metropolitan,4734
Glenroy,1 Granville St,3,h,932000,S,Stockdale,9/09/2017,11.2,3046,3,1,1,639,,,Moreland City Council,-37.70234,144.92123,Northern Metropolitan,8870
Wheelers Hill,1 Greenbriar Av,4,h,1370000,S,hockingstuart,9/12/2017,16.7,3150,4,2,2,813,,,Monash City Council,-37.89969,145.18551,South-Eastern Metropolitan,7392
Mill Park,1 Greenway Dr,5,h,815000,S,HAR,24/02/2018,17.9,3082,5,3,2,600,,,Whittlesea City Council,-37.6638,145.07066,Northern Metropolitan,10529
Parkdale,1 Greenways Ct,4,h,1270000,VB,Hodges,28/10/2017,21.5,3195,4,3,1,585,,,Kingston City Council,-37.99008,145.07012,South-Eastern Metropolitan,5087
Huntingdale,1 Greville St,3,h,1100000,SP,Ray,7/10/2017,12.3,3166,3,1,2,,127,1970,Monash City Council,-37.90564,145.10509,Southern Metropolitan,768
Richmond,1 Griffiths St,2,h,1105000,S,Biggin,22/08/2016,2.6,3121,2,2,1,55,,,Yarra City Council,-37.8159,145.0033,Northern Metropolitan,14949
Toorak,1 Grosvenor Ct,3,u,1635000,S,Sotheby's,10/09/2016,4.6,3142,3,1,0,1099,,,Stonnington City Council,-37.8438,145.0303,Southern Metropolitan,7217
Balwyn,1 Grosvenor Pde,3,h,1520000,VB,Marshall,16/09/2017,7.9,3103,,,,,,,Boroondara City Council,-37.80772,145.08168,Southern Metropolitan,5682
Hampton,1 Grout St,3,h,1325000,VB,RT,24/06/2017,13.8,3188,3,1,2,400,,,Bayside City Council,-37.93434,145.00816,Southern Metropolitan,5454
Greenvale,1 Haddington Cr,5,h,1020000,VB,Barry,18/11/2017,20.4,3059,5,2,2,981,301,1990,Hume City Council,-37.6529,144.8888,Northern Metropolitan,4864
Kealba,1 Hadley Cl,4,h,600000,S,C21,9/12/2017,14,3021,4,2,4,630,179,1985,Brimbank City Council,-37.73429,144.82178,Western Metropolitan,1202
Brighton,1 Hanby St,3,h,2100000,VB,Buxton,18/06/2016,11.2,3186,,,,,,,Bayside City Council,-37.9251,145.0006,Southern Metropolitan,10579
Brunswick,1 Hanover St,3,h,1035500,S,McDonald,24/02/2018,5.2,3056,3,1,0,375,116,1900,Moreland City Council,-37.76276,144.9535,Northern Metropolitan,11918
Bentleigh,1 Harding St,4,h,1390000,S,Buxton,24/02/2018,11.4,3204,4,2,2,833,158,1920,Glen Eira City Council,-37.92868,145.0314,Southern Metropolitan,6795
Keilor East,1 Harley Ct,3,h,740000,S,Nelson,15/10/2016,12.8,3033,3,1,2,684,,,Brimbank City Council,-37.7426,144.8599,Western Metropolitan,5629
Reservoir,1 Harmer St,4,h,885000,S,hockingstuart,26/07/2016,11.2,3073,4,2,3,936,262,1985,Darebin City Council,-37.7021,145.0178,Northern Metropolitan,21650
Craigieburn,1 Harper Cl,3,h,495000,S,Barry,17/02/2018,20.6,3064,3,2,2,740,121,1980,Hume City Council,-37.60671,144.94137,Northern Metropolitan,15510
St Albans,1 Harris St,3,h,630000,S,Ray,17/06/2017,14,3021,3,1,2,524,,,Brimbank City Council,-37.75098,144.80331,Western Metropolitan,14042
Ivanhoe East,1 Hartlands Rd,3,h,1630000,S,Miles,26/08/2017,7.8,3079,3,2,2,,,,Banyule City Council,-37.77347,145.064,Eastern Metropolitan,1554
Hawthorn East,1 Harts Pde,3,h,2900000,S,Marshall,24/02/2018,6.2,3123,3,1,2,609,,,Boroondara City Council,-37.83175,145.04414,Southern Metropolitan,6482
Pascoe Vale,1 Hazel Gr,3,h,1663000,S,Nelson,1/07/2017,8.5,3044,3,1,2,956,,,Moreland City Council,-37.73103,144.93963,Northern Metropolitan,7485
Ringwood North,1 Heape Wy,5,h,1100000,SP,Sell,23/09/2017,19.9,3134,5,3,2,649,,,Manningham City Council,-37.78958,145.23886,Eastern Metropolitan,3619
Bentleigh East,1 Heather St,2,h,1962000,S,Buxton,20/05/2017,13.9,3165,2,1,2,848,,,Glen Eira City Council,-37.9199,145.0573,Southern Metropolitan,10969
Hampton East,1 Henrietta St,4,t,1180000,PI,Woodards,17/03/2018,13.8,3188,4,3,2,674,6178,,Bayside City Council,-37.93825,145.036,Southern Metropolitan,2356
Epping,1 Henry Ct,3,h,616000,S,Barry,17/02/2018,19.6,3076,3,1,1,570,111,1975,Whittlesea City Council,-37.65149,145.03678,Northern Metropolitan,10926
Glen Waverley,1 Herald Ct,4,h,1250000,VB,Jellis,24/02/2018,16.7,3150,4,2,2,646,187,1970,Monash City Council,-37.87327,145.18531,Eastern Metropolitan,15321
Mill Park,1 Heritage Dr,3,h,603000,S,Ray,9/12/2017,17.9,3082,3,1,4,540,,1978,Whittlesea City Council,-37.65248,145.04973,Northern Metropolitan,10529
Sunbury,1 Heysen Dr,3,h,410000,SP,Brad,3/06/2017,31.7,3429,3,2,2,600,140,1980,Hume City Council,-37.57686,144.71023,Western Metropolitan,14092
Mill Park,1 Higgs Av,3,h,705000,S,Millership,28/10/2017,17.9,3082,3,1,,634,132,1980,Whittlesea City Council,-37.67464,145.06473,Northern Metropolitan,10529
Yarraville,1 Highgate St,4,h,985500,S,Jas,13/05/2017,7,3013,4,1,5,445,139,1977,Maribyrnong City Council,-37.8228,144.8769,Western Metropolitan,6543
Glen Iris,1 Hillcrest Rd,4,h,2450000,S,Marshall,24/06/2017,7.3,3146,4,3,2,910,,,Boroondara City Council,-37.86194,145.07256,Southern Metropolitan,10412
Rosanna,1 Hillside Rd,5,h,2530000,S,Miles,13/08/2016,11.4,3084,5,3,1,1850,,1910,Banyule City Council,-37.7465,145.0612,Eastern Metropolitan,3540
Braybrook,1 Hinkler St,3,h,925000,S,S&L,8/04/2017,10.8,3019,3,1,2,597,,,Maribyrnong City Council,-37.7888,144.8511,Western Metropolitan,3589
Richmond,1 Hodgson Tce,3,h,1495000,S,Biggin,27/11/2016,2.6,3121,3,2,1,159,,,Yarra City Council,-37.8195,144.9974,Northern Metropolitan,14949
Ardeer,1 Holt St,5,h,940000,PI,Barry,7/10/2017,12.8,3022,5,2,2,,,,Brimbank City Council,-37.77733,144.79721,Western Metropolitan,1281
Black Rock,1 Hornby St,4,h,1720000,S,Ray,9/09/2017,17.3,3193,4,2,2,659,,1950,Bayside City Council,-37.97951,145.02515,Southern Metropolitan,2866
Balwyn North,1 Hosken St,5,h,2800000,S,Marshall,26/08/2017,9.7,3104,5,2,2,1173,0,1960,Boroondara City Council,-37.80385,145.09094,Southern Metropolitan,7809
Deer Park,1 Hovell St,3,h,629500,SA,HAR,16/09/2017,14.8,3023,3,1,6,534,,,Brimbank City Council,-37.75504,144.77314,Western Metropolitan,6388
Lalor,1 Howell St,3,h,560000,S,Harcourts,24/06/2017,16.3,3075,3,1,1,364,165,1985,Whittlesea City Council,-37.67122,145.01487,Northern Metropolitan,8279
Mont Albert,1 Howson Ct,4,h,2100000,VB,Harcourts,13/05/2017,11.8,3127,4,2,5,719,271,1950,Boroondara City Council,-37.812,145.1082,Eastern Metropolitan,2079
Fawkner,1 Hudson St,3,h,600000,PI,Jellis,25/11/2017,13.1,3060,3,1,2,589,97,1960,Hume City Council,-37.7017,144.9723,Northern Metropolitan,5070
Sunbury,1 Hume St,3,h,487000,S,Leeburn,8/07/2017,31.7,3429,3,1,1,582,,,Hume City Council,-37.58025,144.71759,Western Metropolitan,14092
Thornbury,1 Ibis Pl,3,t,735000,S,Woodards,17/03/2018,7,3071,3,2,2,131,,,Darebin City Council,-37.76107,145.02639,Northern Metropolitan,8870
Rowville,1 Ideal Ct,5,h,933000,S,Harcourts,3/03/2018,23.5,3178,5,2,3,665,,,Knox City Council,-37.93416,145.21988,South-Eastern Metropolitan,11667
Fawkner,1 Imaroo St,4,h,570500,S,Ray,15/10/2016,12.4,3060,4,2,1,430,,,Hume City Council,-37.7185,144.9754,Northern Metropolitan,5070
Cheltenham,1 Irene Ct,4,h,1130000,PI,O'Brien,28/10/2017,17.9,3192,4,2,2,483,,,Bayside City Council,-37.96504,145.07194,Southern Metropolitan,9758
Melton,1 Irving Rd,4,h,400000,S,YPA,3/06/2017,31.7,3337,4,2,2,643,30,,Melton City Council,-37.68834,144.56803,Western Victoria,3600
Mill Park,1 Ivy Ct,3,h,667500,S,Barry,11/11/2017,17.9,3082,3,2,4,524,,,Whittlesea City Council,-37.6765,145.0525,Northern Metropolitan,10529
Oak Park,1 Jacaranda St,3,h,770000,S,Stockdale,17/09/2016,11.5,3046,3,2,2,382,173,1960,Moreland City Council,-37.7152,144.9165,Northern Metropolitan,2651
South Morang,1 Jackson St,3,h,594000,S,Barry,7/10/2017,20.5,3752,3,1,1,,118,1977,Whittlesea City Council,-37.65437,145.0854,Northern Metropolitan,7969
Fawkner,1 James St,3,h,650000,SP,Brad,19/11/2016,12.4,3060,3,1,1,725,,,Hume City Council,-37.7115,144.9731,Northern Metropolitan,5070
Boronia,1 Jarrah Ct,3,h,720500,S,LJ,7/10/2017,25,3155,3,2,2,509,160,1975,Knox City Council,-37.84739,145.3024,Eastern Metropolitan,9704
Bentleigh East,1 Jassa St,3,h,1352000,S,Woodards,19/11/2016,13.9,3165,3,1,2,686,122,1950,Glen Eira City Council,-37.9113,145.0765,Southern Metropolitan,10969
Maribyrnong,1 Jetty La,4,h,1156000,S,Brad,18/11/2017,4.3,3032,4,2,2,,,,Maribyrnong City Council,-37.786,144.8982,Western Metropolitan,4918
Sunshine West,1 Joan St,3,h,575000,S,Douglas,17/09/2016,13.5,3020,3,1,2,686,,,Brimbank City Council,-37.7901,144.8068,Western Metropolitan,6763
Clifton Hill,1 John St,2,h,730000,S,Nelson,22/05/2016,3.4,3068,2,1,1,103,,,Yarra City Council,-37.7898,144.9957,Northern Metropolitan,2954
Endeavour Hills,1 Jordan Ct,4,h,685000,S,Win,14/10/2017,28.5,3802,4,2,2,669,156,1977,Casey City Council,-37.97571,145.24914,South-Eastern Metropolitan,8443
Brunswick West,1 Jordan St,2,h,1315000,S,Nelson,24/09/2016,5.9,3055,2,1,2,554,116,1930,Moreland City Council,-37.7715,144.9426,Northern Metropolitan,7082
Burwood,1 Judith St,3,h,1200000,VB,JY,18/11/2017,10.4,3125,3,1,2,654,,,Monash City Council,-37.8511,145.108,Southern Metropolitan,5678
Chelsea,1 Kangaroo Rd,4,h,930000,S,O'Brien,9/09/2017,27,3196,4,2,2,,94,1950,Kingston City Council,-38.04545,145.11375,South-Eastern Metropolitan,3906
Melton West,1 Kashmir Pl,3,h,371000,S,Reliance,24/02/2018,31.7,3337,3,1,2,665,102,1975,Melton City Council,-37.67239,144.5616,Northern Victoria,6065
Parkdale,1 Keith St,3,h,1400000,S,Hodges,28/10/2017,21.5,3195,3,1,2,588,101,1960,Kingston City Council,-37.99201,145.08461,South-Eastern Metropolitan,5087
Noble Park,1 Kenneth St,4,h,715000,SP,Purplebricks,7/10/2017,22.7,3174,4,2,4,,,,Greater Dandenong City Council,-37.97969,145.178,South-Eastern Metropolitan,11806
Lalor,1 Kent Rd,3,h,600000,S,Ray,27/05/2017,16.3,3075,3,2,2,534,121,1980,Whittlesea City Council,-37.67323,145.03976,Northern Metropolitan,8279
Dandenong,1 Keppel Ct,3,h,650000,VB,Barry,9/12/2017,24.7,3175,3,2,2,,,,Greater Dandenong City Council,-37.98568,145.20455,South-Eastern Metropolitan,10894
Glenroy,1 King St,3,h,556000,S,YPA,25/11/2017,11.2,3046,3,1,1,,,,Moreland City Council,-37.7001,144.9182,Northern Metropolitan,8870
Mount Waverley,1 Kingswood Av,3,h,1150000,SP,Buxton,8/07/2017,14.2,3149,3,2,3,650,,,Monash City Council,-37.89469,145.12363,Eastern Metropolitan,13366
Balwyn,1 Knutsford St,4,h,2900000,VB,Marshall,22/05/2016,9.7,3103,4,3,2,596,,,Boroondara City Council,-37.815,145.076,Southern Metropolitan,5682
Bentleigh East,1 Konrad St,4,h,1100000,S,Hodges,4/06/2016,13.9,3165,4,2,2,633,,1975,Glen Eira City Council,-37.9272,145.0644,Southern Metropolitan,10969
Epping,1 Koukoura Dr,4,h,585000,PI,Iconek,9/12/2017,19.6,3076,4,2,2,396,165,2016,Whittlesea City Council,-37.61983,144.99608,Northern Metropolitan,10926
Strathmore,1 Lebanon St,3,h,995000,SP,Jellis,20/05/2017,9.7,3041,3,2,3,653,,1940,Moonee Valley City Council,-37.7296,144.9225,Western Metropolitan,3284
Brighton,1 Leonie Ct,3,t,1960000,PI,Buxton,16/09/2017,10.5,3186,3,2,2,709,36,1960,Bayside City Council,-37.91414,145.00527,Southern Metropolitan,10579
Maribyrnong,1 Leopold St,3,h,1187000,S,Brad,21/10/2017,4.3,3032,3,2,2,598,102,1900,Maribyrnong City Council,-37.76849,144.90025,Western Metropolitan,4918
Coburg,1 Lever St,3,u,881000,SP,Brad,3/03/2018,6.7,3058,3,1,1,318,,,Darebin City Council,-37.75025,144.95088,Northern Metropolitan,11204
Oak Park,1 Lex Gr,3,h,837500,S,Stockdale,9/12/2017,11.2,3046,3,2,2,536,,,Moreland City Council,-37.71809,144.92632,Northern Metropolitan,2651
Tarneit,1 Liam Av,3,h,575000,S,Ray,25/11/2017,18.4,3029,3,2,2,343,,,Wyndham City Council,-37.8666,144.6595,Western Metropolitan,10160
Melton West,1 Lincoln Wy,4,h,430000,SP,hockingstuart,23/09/2017,31.7,3337,4,1,3,675,147,1980,Melton City Council,-37.67363,144.55888,Northern Victoria,6065
Fawkner,1 Link Pde,3,h,482000,S,Brad,6/01/2018,13.1,3060,3,2,1,,98,1960,Hume City Council,-37.70687,144.97027,Northern Metropolitan,5070
Hoppers Crossing,1 Llewellyn Ct,4,h,553500,S,Sweeney,23/09/2017,18.4,3029,4,2,2,,,,Wyndham City Council,-37.86572,144.68994,Western Metropolitan,13830
Kealba,1 Longford Ct,4,h,625000,S,Prof.,18/11/2017,14,3021,3,2,3,,142,1980,Brimbank City Council,-37.7378,144.825,Western Metropolitan,1202
Officer,1 Longmeadow Rd,4,h,563000,S,Ray,9/12/2017,43.3,3809,4,2,2,430,155,2013,Cardinia Shire Council,-38.07273,145.43373,Eastern Victoria,2768
Yarraville,1 Lormer St,3,h,970000,S,hockingstuart,17/02/2018,6.3,3013,3,2,1,465,90,1920,Maribyrnong City Council,-37.82218,144.89165,Western Metropolitan,6543
Pakenham,1 Loxton Wy,4,h,643500,S,C21,22/07/2017,47.3,3810,4,2,2,600,300,2010,Cardinia Shire Council,-38.07583,145.43698,Eastern Victoria,17384
Cheltenham,1 Luxmoore St,4,h,1375000,SP,Buxton,14/10/2017,17.9,3192,4,2,2,,176,2007,Bayside City Council,-37.95915,145.04311,Southern Metropolitan,9758
Whittlesea,1 MacMeikan St,3,h,440000,S,Brad,19/08/2017,35.5,3757,3,1,1,,121,2014,Whittlesea City Council,-37.51324,145.11501,Northern Victoria,2170
Glen Iris,1 Maitland St,3,h,2825000,S,Jellis,17/09/2016,9.2,3146,4,2,4,885,217,1910,Boroondara City Council,-37.8577,145.0421,Southern Metropolitan,10412
Box Hill,1 Maple St,3,h,836000,S,Jellis,19/11/2016,13.1,3128,3,1,2,228,,2005,Whitehorse City Council,-37.8261,145.1281,Eastern Metropolitan,4605
Reservoir,1 Marchant Av,2,h,880000,S,Ray,3/09/2017,12,3073,2,1,1,,,,Darebin City Council,-37.71588,145.01074,Northern Metropolitan,21650
Vermont,1 Marina St,5,h,1150000,PI,Jellis,16/09/2017,17.2,3133,5,2,2,599,235,,Maroondah City Council,-37.84158,145.19762,Eastern Metropolitan,4181
St Albans,1 Mark St,3,h,641000,S,YPA,24/02/2018,14,3021,3,2,2,597,132,1970,Brimbank City Council,-37.74143,144.78145,Western Metropolitan,14042
Sunshine,1 Markstone Ct,2,h,710000,S,S&L,4/03/2017,12.6,3020,2,1,2,619,,,Brimbank City Council,-37.7794,144.8395,Western Metropolitan,3755
Surrey Hills,1 Marne St,4,h,2125000,PI,Marshall,22/05/2016,11.2,3127,4,2,2,702,239,1927,Boroondara City Council,-37.8345,145.095,Southern Metropolitan,5457
Brighton East,1 Marriage Rd,4,h,1815000,S,hockingstuart,22/05/2016,10.7,3187,4,2,2,732,,,Bayside City Council,-37.9184,145.007,Southern Metropolitan,6938
Glen Waverley,1 May Ct,5,h,1350000,VB,Harcourts,9/12/2017,16.7,3150,5,2,2,576,,,Monash City Council,-37.89563,145.15104,Eastern Metropolitan,15321
Beaconsfield Upper,1 McBride Rd,3,h,764000,S,Peake,23/09/2017,39.8,3808,3,2,2,,,,Cardinia Shire Council,-38.00556,145.40994,Eastern Victoria,973
Essendon,1 McCarron Pde,4,h,1775000,S,Nelson,12/06/2016,8,3040,3,2,2,725,,,Moonee Valley City Council,-37.7551,144.9047,Western Metropolitan,9264
Coburg North,1 McDonnell Rd,2,h,820000,SP,Nelson,12/11/2016,9.2,3058,2,1,4,629,120,1960,Darebin City Council,-37.7276,144.9688,Northern Metropolitan,3445
Dandenong North,1 McKay Ct,3,h,690000,S,Barry,14/10/2017,24.7,3175,3,1,1,,,,Greater Dandenong City Council,-37.9657,145.22005,South-Eastern Metropolitan,8322
Brunswick West,1 McLean St,3,h,645000,SP,Nelson,6/05/2017,5.9,3055,3,3,1,131,109,2008,Moreland City Council,-37.7559,144.9378,Northern Metropolitan,7082
Glenroy,1 Meadowbank St,3,h,780000,PI,Brad,6/05/2017,13,3046,3,1,2,742,101,1970,Moreland City Council,-37.702,144.9538,Northern Metropolitan,8870
Watsonia,1 Meagher St,3,h,741000,SP,Buckingham,12/11/2016,14.9,3087,3,1,1,671,103,1960,Banyule City Council,-37.7072,145.0855,Northern Metropolitan,2329
Kew East,1 Meldrum St,4,h,1610000,S,Jellis,12/11/2016,7.5,3102,4,2,2,763,,,Boroondara City Council,-37.7916,145.0529,Southern Metropolitan,2671
Strathmore,1 Melissa St,5,h,920000,S,Nelson,10/12/2016,9.7,3041,,,,,,,Moonee Valley City Council,-37.7312,144.9181,Western Metropolitan,3284
Bentleigh East,1 Melva St,4,h,1515000,S,Buxton,6/05/2017,13.9,3165,4,3,2,635,200,1950,Glen Eira City Council,-37.9107,145.0745,Southern Metropolitan,10969
Reservoir,1 Mendip Rd,3,h,1025000,S,RW,27/11/2016,11.2,3073,3,1,4,670,134,1935,Darebin City Council,-37.7242,145.0154,Northern Metropolitan,21650
Braybrook,1 Menzies St,2,h,670000,S,Douglas,13/08/2016,10.8,3019,2,1,2,551,,,Maribyrnong City Council,-37.7825,144.8545,Western Metropolitan,3589
Sunshine North,1 Metherall St,4,h,630000,S,Barry,8/04/2017,13.3,3020,,,,,,,Brimbank City Council,-37.7657,144.8286,Western Metropolitan,4217
Maribyrnong,1 Middle Rd,3,h,1190000,SP,Nelson,9/12/2017,4.3,3032,3,1,2,688,113,1940,Maribyrnong City Council,-37.76834,144.89411,Western Metropolitan,4918
Hadfield,1 Mikado St,3,h,870000,S,Stockdale,27/05/2017,11.2,3046,3,1,6,700,,,Moreland City Council,-37.70569,144.94048,Northern Metropolitan,2606
Scoresby,1 millgrove St,3,h,890000,S,Ray,26/08/2017,22.2,3179,3,1,2,724,116,1980,Knox City Council,-37.88953,145.22056,Eastern Metropolitan,2206
Bentleigh East,1 Millis Av,4,h,1420000,S,Jellis,6/01/2018,13.8,3165,4,2,3,,,1950,Glen Eira City Council,-37.92885,145.06422,Southern Metropolitan,10969
Braybrook,1 Moama St,3,h,765000,S,GL,25/02/2017,10.8,3019,3,1,1,658,105,1960,Maribyrnong City Council,-37.7905,144.8485,Western Metropolitan,3589
Glen Iris,1 Montana St,4,h,2300000,VB,Jellis,6/08/2016,9.2,3146,4,3,4,1258,254,1941,Boroondara City Council,-37.8552,145.082,Southern Metropolitan,10412
Croydon,1 Monteith St,2,h,1080000,S,McGrath,12/08/2017,23,3136,2,1,1,1474,,,Maroondah City Council,-37.79079,145.26924,Eastern Metropolitan,11925
Frankston North,1 Monterey Bvd,3,h,452000,SP,Ray,3/06/2017,36.9,3200,3,1,0,624,114,1962,Frankston City Council,-38.1187,145.14973,Eastern Victoria,2500
South Yarra,1 Moore St,3,h,1720000,PI,Jellis,24/02/2018,2.7,3141,3,2,1,277,161,1895,Melbourne City Council,-37.8457,144.98871,Southern Metropolitan,14887
Balwyn North,1 Morris St,6,h,1900000,VB,hockingstuart,22/05/2016,9.2,3104,6,1,6,691,5,,Boroondara City Council,-37.8022,145.0775,Southern Metropolitan,7809
Albert Park,1 Moubray St,3,h,1800000,VB,Greg,7/11/2016,3.3,3206,3,2,1,132,159,1996,Port Phillip City Council,-37.8415,144.952,Southern Metropolitan,3280
Braybrook,1 Myamyn St,3,h,850000,S,Douglas,6/01/2018,8.6,3019,3,2,2,650,,,Maribyrnong City Council,-37.79037,144.84742,Western Metropolitan,3589
Doreen,1 Nancarrow Dr,3,h,470000,S,HAR,6/01/2018,25.9,3754,3,1,2,290,,,Nillumbik Shire Council,-37.60915,145.13453,Northern Victoria,7254
Maribyrnong,1 Nayook La,3,t,820000,VB,Biggin,18/03/2017,8.7,3032,3,2,2,275,,,Maribyrnong City Council,-37.7719,144.8767,Western Metropolitan,4918
Lalor,1 Nebel St,3,h,685500,S,HAR,3/09/2017,16.3,3075,3,1,1,551,,,Whittlesea City Council,-37.66613,145.01347,Northern Metropolitan,8279
Wantirna,1 Newlands Ct,4,h,925000,S,Ray,9/09/2017,14.7,3152,4,3,4,534,176,1975,Knox City Council,-37.85298,145.23935,Eastern Metropolitan,5424
Richmond,1 Newry St,2,h,1220000,S,Jellis,18/06/2016,2.6,3121,2,1,2,198,,,Yarra City Council,-37.8244,145.0046,Northern Metropolitan,14949
Berwick,1 Newsom Ct,4,h,730000,S,O'Brien,11/11/2017,35.2,3806,4,2,2,776,,,Casey City Council,-38.0223,145.3387,Eastern Victoria,17093
Keilor East,1 Nicholas Ct,4,h,920000,SP,Brad,10/12/2016,12.8,3033,4,2,2,745,182,1992,Brimbank City Council,-37.7479,144.8805,Western Metropolitan,5629
Eltham,1 Nioka Ct,3,h,720000,VB,Buckingham,7/10/2017,18,3095,3,2,2,794,,,Banyule City Council,-37.71417,145.13707,Eastern Metropolitan,6990
Reservoir,1 Nisbett St,2,t,425000,S,Stockdale,18/06/2016,11.2,3073,2,1,1,145,100,,Darebin City Council,-37.7284,145.0361,Northern Metropolitan,21650
Heidelberg West,1 Normanby Ct,3,h,810000,S,Barry,22/04/2017,9.4,3081,3,2,0,747,,,Banyule City Council,-37.7348,145.0402,Eastern Metropolitan,2674
Tarneit,1 Northbridge Dr,5,h,610000,SP,Sweeney,10/03/2018,18.4,3029,5,2,2,550,214,2010,Wyndham City Council,-37.83753,144.66697,Western Metropolitan,10160
Balwyn,1 Northcote Av,5,h,3600000,VB,Fletchers,14/10/2017,7.9,3103,5,4,3,611,437,2017,Boroondara City Council,-37.8184,145.08624,Southern Metropolitan,5682
Flemington,1 Norwood Pl,2,h,860000,SP,Nelson,28/10/2017,3.4,3031,2,1,1,119,,,Melbourne City Council,-37.78629,144.92952,Northern Metropolitan,3593
Brunswick East,1 Nunan St,4,h,856000,S,Harrington,3/12/2016,4.5,3057,4,2,2,136,151,1997,Moreland City Council,-37.7601,144.9805,Northern Metropolitan,5533
Malvern East,1 Oak Gr,3,h,1405000,S,Marshall,21/10/2017,8.4,3145,3,1,2,,,,Stonnington City Council,-37.87652,145.05678,Southern Metropolitan,8801
Surrey Hills,1 Oak St,5,h,1825000,S,Fletchers,19/08/2017,10.2,3127,5,3,2,368,,,Boroondara City Council,-37.83587,145.10914,Southern Metropolitan,5457
Blackburn,1 Orana St,3,h,1505000,S,Fletchers,17/02/2018,13.4,3130,3,1,2,651,,1955,Whitehorse City Council,-37.82893,145.14076,Eastern Metropolitan,5713
Gowanbrae,1 Orchid Ct,4,h,980000,VB,Nelson,7/10/2017,12.9,3043,4,2,2,,290,2010,Moreland City Council,-37.70091,144.90089,Western Metropolitan,1071
Werribee,1 Ord Ct,3,h,412500,S,YPA,22/07/2017,14.7,3030,3,1,1,583,,1980,Wyndham City Council,-37.88702,144.66101,Western Metropolitan,16166
Mitcham,1 Orient Av,3,h,2305000,S,Ray,9/12/2017,17.2,3132,3,1,2,1714,147,1960,Whitehorse City Council,-37.82698,145.19544,Eastern Metropolitan,6871
Moorabbin,1 Otford Cl,3,h,975000,S,Woodards,17/09/2016,14.6,3189,2,1,2,576,121,1940,Kingston City Council,-37.9363,145.0495,Southern Metropolitan,2555
Sunbury,1 Owl Pl,3,h,780000,S,Leeburn,11/11/2017,31.7,3429,3,2,2,,,2010,Hume City Council,-37.5956,144.7204,Western Metropolitan,14092
Bundoora,1 Oxford Dr,4,h,730000,S,Ray,16/09/2017,12.1,3083,4,2,2,538,144,1970,Banyule City Council,-37.7002,145.06517,Northern Metropolitan,10175
Port Melbourne,1 Page Av,4,h,1820000,PI,Marshall,17/03/2018,3.5,3207,4,1,,329,,,Melbourne City Council,-37.83641,144.92679,Southern Metropolitan,8648
Balwyn North,1 Page St,3,h,2350000,S,Fletchers,16/09/2017,9.7,3104,3,2,2,625,,,Boroondara City Council,-37.80245,145.07963,Southern Metropolitan,7809
Fawkner,1 Palmer St,3,h,557000,PI,Nelson,21/10/2017,13.1,3060,3,1,2,,,,Hume City Council,-37.69443,144.9628,Northern Metropolitan,5070
Watsonia,1 Papua St,2,h,662000,S,Buckingham,16/07/2016,14.9,3087,2,1,2,605,114,1960,Banyule City Council,-37.7118,145.088,Northern Metropolitan,2329
Clifton Hill,1 Park Dr,3,h,1457500,S,Nelson,19/08/2017,3.6,3068,3,3,1,,,,Yarra City Council,-37.7889,145.00448,Northern Metropolitan,2954
Silvan,1 Parker Rd,4,h,1070000,S,Ray,24/06/2017,34.6,3795,4,2,3,38490,,,Yarra Ranges Shire Council,-37.83229,145.43003,Eastern Victoria,457
Abbotsford,1 Paterson St,2,h,1075000,S,Biggin,14/10/2017,3,3067,2,1,0,,92,1927,Yarra City Council,-37.80318,145.00067,Northern Metropolitan,4019
Templestowe Lower,1 Pecan Ct,4,h,1410000,PI,Fletchers,10/02/2018,12.4,3107,4,3,2,735,,,Manningham City Council,-37.7729,145.1228,Eastern Metropolitan,5420
Clifton Hill,1 Peckville St,2,h,1010000,PI,Jellis,3/03/2018,3.6,3068,2,1,,128,,1890,Yarra City Council,-37.79303,144.99117,Northern Metropolitan,2954
Bentleigh East,1 Pell St,4,h,1384000,S,Gary,15/07/2017,13.8,3165,4,3,2,631,,,Glen Eira City Council,-37.9108,145.07908,Southern Metropolitan,10969
Sunbury,1 Plante Ct,3,h,431250,SP,L,19/08/2017,31.7,3429,3,2,2,650,,,Hume City Council,-37.58479,144.71541,Western Metropolitan,14092
Port Melbourne,1 Princes Pl,3,h,1845000,S,Greg,9/09/2017,3.5,3207,3,3,2,114,240,2009,Melbourne City Council,-37.83981,144.9364,Southern Metropolitan,8648
Epping,1 Quartz Gr,4,h,599500,S,Love,3/09/2017,19.6,3076,4,2,2,,,,Whittlesea City Council,-37.63094,145.0342,Northern Metropolitan,10926
Deer Park,1 Quinn St,3,h,645000,S,FN,24/06/2017,14.8,3023,3,1,2,586,,1990,Brimbank City Council,-37.7728,144.76941,Western Metropolitan,6388
South Melbourne,1 Reilly Pl,3,h,1720000,S,Greg,8/07/2017,1.9,3205,3,2,2,81,137,1998,Port Phillip City Council,-37.83631,144.95536,Southern Metropolitan,5943
Moorabbin,1 Rhonda Ct,3,h,960000,S,Ray,19/11/2016,14.6,3189,3,1,1,593,115,1960,Kingston City Council,-37.9431,145.0484,Southern Metropolitan,2555
Hadfield,1 Richmond St,3,h,840000,S,Nelson,25/11/2017,11.2,3046,3,1,2,641,,,Moreland City Council,-37.7055,144.9497,Northern Metropolitan,2606
Newport,1 River St,2,h,1120000,S,RT,14/05/2016,8.4,3015,1,1,3,574,,,Hobsons Bay City Council,-37.8414,144.8922,Western Metropolitan,5498
Wantirna South,1 Riverpark Dr,4,h,1055000,S,Ray,8/07/2017,14.7,3152,4,2,2,652,203,1997,Knox City Council,-37.87325,145.23244,Eastern Metropolitan,7082
Parkdale,1 Robert St,4,h,1230000,PI,Buxton,9/09/2017,21.5,3195,4,2,2,787,,,Kingston City Council,-37.98616,145.08139,South-Eastern Metropolitan,5087
Jacana,1 Robinson St,3,h,611000,S,Barry,25/02/2017,14.5,3047,3,1,3,624,93,1966,Hume City Council,-37.6862,144.913,Northern Metropolitan,851
Ivanhoe,1 Rocke St,4,h,1300000,S,Nelson,7/11/2016,7.9,3079,4,1,1,586,,,Banyule City Council,-37.7726,145.0396,Eastern Metropolitan,5549
Mentone,1 Rogers St,5,h,1485000,S,Greg,27/05/2017,20,3194,5,2,2,720,174,1975,Kingston City Council,-37.98439,145.06812,South-Eastern Metropolitan,6162
Glen Iris,1 Rosedale Rd,4,h,1390000,S,Noel,28/05/2016,9.2,3146,3,2,3,397,,,Boroondara City Council,-37.8578,145.068,Southern Metropolitan,10412
Toorak,1 Ross St,4,h,4000000,VB,Kay,13/08/2016,4.6,3142,4,4,4,324,60,,Stonnington City Council,-37.8439,145.0093,Southern Metropolitan,7217
Craigieburn,1 Rossdale St,4,h,585000,S,Millership,18/11/2017,20.6,3064,4,1,2,691,,,Hume City Council,-37.5941,144.9399,Northern Metropolitan,15510
Caulfield South,1 Rotorua St,2,h,1012000,S,Gary,7/05/2016,9.3,3162,2,1,1,0,,,Glen Eira City Council,-37.9002,145.027,Southern Metropolitan,5051
Mill Park,1 Roycroft Av,4,h,665000,SP,Ray,11/11/2017,17.9,3082,4,2,3,589,143,1982,Whittlesea City Council,-37.6692,145.0596,Northern Metropolitan,10529
Greensborough,1 Ruby La,3,h,600000,PI,Darren,26/08/2017,16.1,3088,3,2,1,152,,,Banyule City Council,-37.68587,145.11509,Northern Metropolitan,8524
Epping,1 Saddlers Ct,4,h,565000,S,Ray,15/07/2017,19.6,3076,4,2,2,548,110,1985,Whittlesea City Council,-37.64386,145.04817,Northern Metropolitan,10926
Burwood East,1 Sartori St,4,h,1600000,S,Fletchers,8/07/2017,14.7,3151,4,2,2,592,260,2007,Whitehorse City Council,-37.84839,145.14299,Eastern Metropolitan,4048
Bentleigh East,1 Sassella St,3,h,1311000,SP,Jellis,26/08/2017,13.8,3165,3,2,3,632,194,1950,Glen Eira City Council,-37.92599,145.07537,Southern Metropolitan,10969
Templestowe,1 Saville Ct,5,h,1300000,PI,Barry,22/07/2017,15.5,3106,5,3,3,767,,,Manningham City Council,-37.76084,145.12675,Eastern Metropolitan,6202
Kensington,1 Scarborough Pl,2,t,650000,S,Nelson,4/06/2016,4.2,3031,2,1,1,79,,,Melbourne City Council,-37.7914,144.9344,Northern Metropolitan,5263
Werribee,1 Scott St,4,h,621000,S,hockingstuart,9/09/2017,14.7,3030,4,2,2,556,177,2001,Wyndham City Council,-37.89463,144.66857,Western Metropolitan,16166
Pascoe Vale,1 Sefton St,3,h,891000,S,Brad,21/10/2017,8.5,3044,3,1,1,557,113,1950,Moreland City Council,-37.72332,144.92673,Northern Metropolitan,7485
Coburg,1 Shaftsbury St,4,h,990000,SP,Grantham,24/09/2016,7.8,3058,4,1,1,488,142,1930,Darebin City Council,-37.7537,144.9532,Northern Metropolitan,11204
Werribee,1 Shannon Cl,3,h,430000,SP,Barry,25/11/2017,14.7,3030,3,1,0,542,110,1980,Wyndham City Council,-37.8814,144.6621,Western Metropolitan,16166
Heidelberg Heights,1 Shelley St,4,h,706000,SP,Nelson,8/04/2017,10.5,3081,4,1,2,374,113,1940,Banyule City Council,-37.7437,145.0506,Eastern Metropolitan,2947
Altona Meadows,1 Sheppard Ct,4,h,810000,SP,Purplebricks,12/08/2017,15.5,3028,4,2,2,749,180.9,1989,Hobsons Bay City Council,-37.88413,144.79033,Western Metropolitan,7630
Alphington,1 Shiers St,4,h,1800000,S,Thomas,24/06/2017,5.7,3078,4,1,2,605,,,Darebin City Council,-37.77474,145.03012,Northern Metropolitan,2211
Greenvale,1 Silverwood Dr,3,h,465000,S,RE,26/08/2017,20.4,3059,3,2,1,,,2000,Hume City Council,-37.62453,144.87532,Northern Metropolitan,4864
Epping,1 Simon Ct,5,h,660000,S,hockingstuart,1/07/2017,19.6,3076,5,3,2,708,,,Whittlesea City Council,-37.63888,145.02813,Northern Metropolitan,10926
Derrimut,1 Sinclair Grn,4,h,695000,S,Stockdale,23/09/2017,14.7,3030,4,2,2,516,,,Brimbank City Council,-37.78763,144.75963,Western Metropolitan,2276
Mill Park,1 Sirius Ct,4,h,700500,S,Ray,6/01/2018,17.9,3082,4,2,4,390,,,Whittlesea City Council,-37.67728,145.06699,Northern Metropolitan,10529
Pakenham,1 Smethurst Av,3,h,510000,S,O'Brien,10/03/2018,47.3,3810,3,1,0,945,106,1979,Cardinia Shire Council,-38.07646,145.46778,Eastern Victoria,17384
Toorak,1 Smyth St,4,h,4800000,VB,Marshall,17/03/2018,4.1,3142,4,1,2,841,,,Stonnington City Council,-37.8451,145.00504,Southern Metropolitan,7217
Mulgrave,1 Sneddon Ct,4,h,1100000,S,RW,16/09/2017,18.8,3170,4,2,2,748,152,1996,Monash City Council,-37.9265,145.19758,South-Eastern Metropolitan,7113
Thornbury,1 Speight St,2,h,1105000,S,Woodards,14/10/2017,7,3071,2,2,1,256,97,,Darebin City Council,-37.7618,145.00633,Northern Metropolitan,8870
Footscray,1 Stanlake St,4,h,1300000,S,hockingstuart,10/12/2016,6.4,3011,4,2,3,0,190,1950,Maribyrnong City Council,-37.7923,144.8848,Western Metropolitan,7570
Blackburn,1 Stanley Gr,3,h,1370000,S,RW,10/02/2018,13.4,3130,3,1,1,882,,,Whitehorse City Council,-37.81281,145.14308,Eastern Metropolitan,5713
Williamstown,1 Stanley St,3,h,2065000,S,Greg,9/12/2017,6.8,3016,3,1,2,412,136,1940,Hobsons Bay City Council,-37.85324,144.89958,Western Metropolitan,6380
Hillside,1 Stonybrook Bvd,4,h,855000,PI,Barry,6/01/2018,18,3037,4,3,2,,,,Brimbank City Council,-37.69009,144.73238,Western Metropolitan,5556
Moonee Ponds,1 Stuart St,3,h,1450000,S,Jellis,9/09/2017,6.2,3039,3,2,2,,177,1950,Moonee Valley City Council,-37.77233,144.93021,Western Metropolitan,6232
Mulgrave,1 Sutherland Ct,4,h,992000,S,Harcourts,8/07/2017,18.8,3170,4,2,1,790,,,Monash City Council,-37.91375,145.16438,South-Eastern Metropolitan,7113
Coburg,1 Sutherland St,4,h,1145000,S,Nelson,12/11/2016,7.8,3058,4,2,2,480,,,Darebin City Council,-37.7402,144.9607,Northern Metropolitan,11204
Footscray,1 Swallow La,3,u,605000,S,Rendina,3/06/2017,5.1,3011,3,1,2,4096,,,Maribyrnong City Council,-37.8021,144.9075,Western Metropolitan,7570
Sunbury,1 Talbot Pl,3,h,530000,S,Leading,21/10/2017,31.7,3429,3,2,4,658,,,Hume City Council,-37.56455,144.72948,Western Metropolitan,14092
Melton South,1 Tamar Dr,4,h,355000,S,Raine,3/06/2017,29.8,3338,4,2,1,766,147,1980,Melton City Council,-37.69791,144.5807,Western Victoria,4718
Chadstone,1 Tandara Ct,4,h,1150000,PI,McGrath,18/11/2017,11.7,3148,4,1,1,737,101,1960,Monash City Council,-37.8744,145.0995,Southern Metropolitan,3582
Gladstone Park,1 Tecoma Ct,3,h,651000,S,Barry,18/11/2017,12.9,3043,3,1,2,,117,1985,Hume City Council,-37.6994,144.8909,Western Metropolitan,3285
Maribyrnong,1 The Esplanade,5,h,1350000,S,Changing,28/05/2016,8.7,3032,5,3,5,670,,,Maribyrnong City Council,-37.7676,144.9009,Western Metropolitan,4918
Mount Waverley,1 Therese Av,3,h,1267000,S,Ray,22/07/2017,14.2,3149,3,2,4,714,,,Monash City Council,-37.89289,145.11501,Eastern Metropolitan,13366
Hawthorn East,1 Torring Rd,2,h,1582000,S,Fletchers,15/10/2016,7.5,3123,2,2,2,358,,,Boroondara City Council,-37.8341,145.0528,Southern Metropolitan,6482
Balwyn North,1 Tovey St,5,h,1836000,S,Jellis,30/07/2016,9.2,3104,4,2,2,939,,1957,Boroondara City Council,-37.7998,145.0862,Southern Metropolitan,7809
Camberwell,1 Trafalgar Rd,4,h,2385000,S,Marshall,26/08/2017,7.7,3124,4,2,2,671,,1914,Boroondara City Council,-37.8296,145.06442,Southern Metropolitan,8920
Prahran,1 Trinian St,3,h,3250000,SP,Jellis,14/10/2017,4.6,3181,3,2,2,,200,1880,Stonnington City Council,-37.85256,145.00143,Southern Metropolitan,7717
Prahran,1 Trinian St,3,h,3250000,SP,Jellis,21/10/2017,4.6,3181,3,2,2,,200,1880,Stonnington City Council,-37.85256,145.00143,Southern Metropolitan,7717
Glenroy,1 Tudor St,3,h,820000,VB,Nelson,10/12/2016,13,3046,3,2,4,805,,,Moreland City Council,-37.708,144.9211,Northern Metropolitan,8870
Keilor Downs,1 Tulloch Ct,4,h,760000,S,Barry,10/03/2018,15.5,3038,4,2,2,743,,,Brimbank City Council,-37.71354,144.7927,Western Metropolitan,3656
Ringwood East,1 Tweed St,4,h,1090000,S,Philip,8/07/2017,21.3,3135,4,1,2,894,115,1950,Maroondah City Council,-37.8159,145.24688,Eastern Metropolitan,4407
Preston,1 Tynan St,3,h,1070000,S,Nelson,18/03/2017,8.8,3072,3,1,2,585,,,Darebin City Council,-37.7358,144.9889,Northern Metropolitan,14577
Bayswater,1 Valma St,5,h,822000,PI,iTRAK,6/01/2018,23.2,3153,5,3,6,721,185,1980,Knox City Council,-37.8506,145.25909,Eastern Metropolitan,5030
Oak Park,1 Victoria St,2,h,592000,S,Barry,3/09/2016,11.5,3046,2,1,2,577,,,Moreland City Council,-37.7137,144.9167,Northern Metropolitan,2651
Sandringham,1 Victory St,3,h,1725000,S,Buxton,9/09/2017,15.2,3191,3,1,2,493,117,1915,Bayside City Council,-37.94901,145.01167,Southern Metropolitan,4497
Malvern East,1 Villers Sq,4,h,1580000,PI,Jellis,19/11/2016,11.2,3145,4,2,1,504,260,1920,Stonnington City Council,-37.8834,145.0635,Southern Metropolitan,8801
Bentleigh East,1 Vine Ct,5,h,1669000,S,Jellis,3/03/2018,13.8,3165,5,3,2,400,260,2013,Glen Eira City Council,-37.91653,145.05705,Southern Metropolitan,10969
Glen Waverley,1 Vine Ct,5,h,1560000,S,Barry,14/10/2017,16.7,3150,5,3,2,,248,1990,Monash City Council,-37.883,145.18267,Eastern Metropolitan,15321
Pascoe Vale,1 Virginia St,4,h,780000,VB,Brad,1/07/2017,8.5,3044,4,2,3,555,128,1950,Moreland City Council,-37.71561,144.94336,Northern Metropolitan,7485
Mentone,1 Walden Rd,3,h,1462000,S,O'Brien,3/02/2018,20,3194,3,2,2,601,,,Kingston City Council,-37.98666,145.06145,South-Eastern Metropolitan,6162
Braybrook,1 Walker Pl,2,h,590000,S,hockingstuart,8/07/2017,8.6,3019,2,1,1,304,74,1950,Maribyrnong City Council,-37.78341,144.85574,Western Metropolitan,3589
Sunshine,1 Walter St,4,h,1030000,S,Sweeney,7/05/2016,12.6,3020,4,2,2,803,309,2002,Brimbank City Council,-37.7932,144.8434,Western Metropolitan,3755
Glen Waverley,1 Walter St,5,h,1296000,S,Fletchers,7/10/2017,16.7,3150,5,2,2,,,,Monash City Council,-37.86706,145.16575,Eastern Metropolitan,15321
Flemington,1 Waltham St,3,h,1120000,S,Nelson,17/03/2018,3.4,3031,3,1,0,209,143,1890,Melbourne City Council,-37.78346,144.9283,Northern Metropolitan,3593
Werribee,1 Walwa Pl,3,h,427000,S,Greg,1/07/2017,14.7,3030,3,1,2,637,,,Wyndham City Council,-37.91165,144.67241,Western Metropolitan,16166
Thomastown,1 Waratah St,3,h,925000,S,Ray,6/01/2018,15.3,3074,3,1,2,,144,1968,Whittlesea City Council,-37.67939,145.02148,Northern Metropolitan,7955
Burwood,1 Webb St,3,h,1250000,VB,Fletchers,3/12/2016,11.7,3125,3,1,1,662,,,Monash City Council,-37.8561,145.1054,Southern Metropolitan,5678
Camberwell,1 Westbourne Gr,4,h,1870000,S,Fletchers,7/10/2017,7.7,3124,4,3,0,588,189,1925,Boroondara City Council,-37.83411,145.06916,Southern Metropolitan,8920
Balwyn,1 Weston St,3,h,1860000,S,Marshall,14/05/2016,9.7,3103,3,1,4,671,465,,Boroondara City Council,-37.8117,145.0775,Southern Metropolitan,5682
Springvale,1 Whiteside St,2,h,820000,SP,Le,17/02/2018,20.8,3171,2,1,2,650,94,1955,Greater Dandenong City Council,-37.93546,145.15451,South-Eastern Metropolitan,7412
Sunbury,1 Whitty La,3,h,436000,SP,Leeburn,16/09/2017,31.7,3429,3,2,2,350,220,2004,Hume City Council,-37.58883,144.70202,Western Metropolitan,14092
Aspendale Gardens,1 Wildoer Dr,3,h,951000,S,Ray,12/08/2017,21.5,3195,3,2,2,553,,,Kingston City Council,-38.02608,145.12784,South-Eastern Metropolitan,2243
Lalor,1 Willard Ct,3,h,685500,S,HAR,14/10/2017,16.3,3075,3,2,1,555,150,1960,Whittlesea City Council,-37.66281,145.01185,Northern Metropolitan,8279
South Melbourne,1 Wilson St,3,t,1380000,S,Barry,14/10/2017,1.9,3205,3,2,1,,,2000,Port Phillip City Council,-37.83394,144.96327,Southern Metropolitan,5943
Bundoora,1 Windsor Cr,4,h,847500,S,Ray,21/10/2017,12.1,3083,4,2,2,527,,,Banyule City Council,-37.69979,145.0656,Northern Metropolitan,10175
Nunawading,1 Winifred St,3,h,1000000,S,VICPROP,6/01/2018,15.4,3131,3,1,2,589,,,Manningham City Council,-37.80755,145.17027,Eastern Metropolitan,4973
Bentleigh,1 Wyuna Ct,3,h,1100000,VB,Woodards,17/03/2018,11.4,3204,3,1,4,635,242,2019,Glen Eira City Council,-37.92963,145.03666,Southern Metropolitan,6795
Bundoora,1 Zara Cl,3,t,606000,S,Stockdale,9/12/2017,12.1,3083,3,2,2,,154,2010,Banyule City Council,-37.68078,145.07746,Northern Metropolitan,10175
Mill Park,1/1 Allwyn Cr,3,h,530000,SP,RW,24/02/2018,17.9,3082,3,1,1,260,,,Whittlesea City Council,-37.65648,145.07504,Northern Metropolitan,10529
Box Hill,1/1 Cherryhinton St,2,u,790000,S,Noel,4/03/2017,13.1,3128,2,1,1,195,,,Whitehorse City Council,-37.826,145.129,Eastern Metropolitan,4605
Fawkner,1/1 Clara St,2,u,412000,S,Ray,6/01/2018,13.1,3060,2,1,1,,,,Hume City Council,-37.71024,144.96303,Northern Metropolitan,5070
Maidstone,1/1 Clarendon St,3,t,650000,PI,Jas,8/07/2017,6.4,3012,3,2,2,159,128,2016,Maribyrnong City Council,-37.78502,144.86733,Western Metropolitan,3873
Maidstone,1/1 Clarendon St,3,t,670000,SP,Jas,29/07/2017,6.4,3012,3,2,2,159,128,2016,Maribyrnong City Council,-37.78502,144.86733,Western Metropolitan,3873
Maidstone,1/1 Clarendon St,3,t,675000,S,Biggin,22/04/2017,9.2,3012,3,2,2,159,128,2016,Maribyrnong City Council,-37.785,144.8673,Western Metropolitan,3873
Hawthorn East,1/1 Clifton Rd,3,u,935000,PI,Noel,10/12/2016,7.5,3123,3,2,1,144,107,1975,Boroondara City Council,-37.8435,145.0497,Southern Metropolitan,6482
Glenroy,1/1 Danae St,3,t,460000,S,Eview,12/11/2016,13,3046,3,1,1,325,106,1970,Moreland City Council,-37.7001,144.9291,Northern Metropolitan,8870
Brunswick West,1/1 Duggan St,2,u,420500,SP,Pagan,18/11/2017,5.2,3055,2,1,1,5497,0,2011,Moreland City Council,-37.7582,144.94,Northern Metropolitan,7082
Chadstone,1/1 Dundee Av,4,h,995000,S,Woodards,12/08/2017,11.7,3148,4,2,1,402,131,1960,Monash City Council,-37.88658,145.09297,Southern Metropolitan,3582
Mentone,1/1 Franklin St,3,t,940000,S,hockingstuart,8/07/2017,20,3194,3,1,2,331,157.9352,1989,Kingston City Council,-37.97759,145.06482,South-Eastern Metropolitan,6162
Camberwell,1/1 Glen Iris Rd,3,t,1300000,S,Fletchers,6/08/2016,7.8,3124,3,2,2,342,,,Boroondara City Council,-37.8433,145.0695,Southern Metropolitan,8920
Oak Park,1/1 Gregory St,3,u,647000,S,Brad,3/12/2016,11.5,3046,3,1,2,250,,,Moreland City Council,-37.7232,144.9148,Northern Metropolitan,2651
Clayton South,1/1 Hadkinson St,3,u,700000,SP,hockingstuart,27/05/2017,17.5,3169,3,2,2,363,,2006,Kingston City Council,-37.93296,145.12664,South-Eastern Metropolitan,4734
Reservoir,1/1 Leamington St,3,h,625000,PI,Barry,7/05/2016,11.2,3073,3,2,1,267,186,2003,Darebin City Council,-37.7132,145.0075,Northern Metropolitan,21650
Northcote,1/1 Lorna Av,3,h,1180000,SP,McGrath,19/08/2017,5.3,3070,3,2,2,,142,2013,Darebin City Council,-37.77043,145.01277,Northern Metropolitan,11364
Clifton Hill,1/1 Marshall Pl,4,h,1506000,S,Nelson,25/02/2017,3.4,3068,4,2,0,162,169,1995,Yarra City Council,-37.7885,144.9994,Northern Metropolitan,2954
Ashburton,1/1 Nairn St,3,h,1518000,S,Jellis,10/09/2016,11,3147,3,2,2,516,145,1920,Boroondara City Council,-37.8675,145.0668,Southern Metropolitan,3052
Murrumbeena,1/1 Nangana Rd,2,u,602000,S,hockingstuart,3/06/2017,10.1,3163,2,1,1,1166,,,Glen Eira City Council,-37.88674,145.07234,Southern Metropolitan,4442
Doncaster,1/1 Paul St,2,u,522500,S,Noel,18/06/2016,13.9,3108,2,1,1,145,,,Manningham City Council,-37.7874,145.1043,Eastern Metropolitan,9028
Moorabbin,1/1 Perry St,4,t,1105000,S,Hodges,30/07/2016,14.6,3189,3,2,2,220,187,2015,Kingston City Council,-37.9387,145.0398,Southern Metropolitan,2555
Highett,1/1 Peterson St,3,t,1030000,PI,Hodges,29/07/2017,16,3190,3,2,2,240,180,2006,Bayside City Council,-37.9461,145.02432,Southern Metropolitan,4794
Dandenong North,1/1 Rhoden Ct,2,u,315000,PI,Harcourts,9/12/2017,24.7,3175,2,1,1,,67,1975,Greater Dandenong City Council,-37.95424,145.20803,South-Eastern Metropolitan,8322
St Albans,1/1 Station Av,3,t,520000,PI,Barry,24/02/2018,14,3021,3,2,2,240,134,2007,Brimbank City Council,-37.74207,144.81215,Western Metropolitan,14042
Essendon,1/1 Thomson St,2,u,630000,S,Nelson,27/11/2016,8,3040,2,1,1,0,83,1975,Moonee Valley City Council,-37.7543,144.9066,Western Metropolitan,9264
Dandenong North,1/1 Victor Av,3,h,574000,PI,Stockdale,28/10/2017,24.7,3175,3,1,2,,100,1975,Greater Dandenong City Council,-37.95452,145.21197,South-Eastern Metropolitan,8322
Parkdale,1/1 White St,2,u,465000,VB,Thomson,6/01/2018,21.5,3195,2,1,1,785,,,Kingston City Council,-37.99794,145.08232,South-Eastern Metropolitan,5087
Elwood,1/1 Wimbledon Av,2,u,720000,VB,hockingstuart,28/10/2017,7.2,3184,2,1,1,,,,Port Phillip City Council,-37.8728,144.98942,Southern Metropolitan,8989
Pascoe Vale,1/10 Callander Rd,2,t,610000,S,Ray,22/08/2016,9.9,3044,2,1,1,169,109,1995,Moreland City Council,-37.7186,144.9306,Northern Metropolitan,7485
Blackburn,1/10 Duckham St,3,h,880000,PI,Fletchers,24/06/2017,13.4,3130,3,1,1,335,110,1960,Whitehorse City Council,-37.82876,145.13809,Eastern Metropolitan,5713
Surrey Hills,1/10 Florence Rd,2,u,813000,S,Fletchers,28/01/2016,11.2,3127,2,1,2,108,,,Boroondara City Council,-37.8276,145.1023,Southern Metropolitan,5457
Sunshine West,1/10 Fremont Pde,4,h,515000,SP,Brad,8/04/2017,13.5,3020,4,2,2,332,159,2006,Brimbank City Council,-37.7962,144.8064,Western Metropolitan,6763
Burwood,1/10 Gillard St,2,h,870000,S,Noel,13/05/2017,11.7,3125,2,1,1,271,160,,Monash City Council,-37.8512,145.1145,Southern Metropolitan,5678
Camberwell,1/10 Lesley St,4,t,1850000,VB,Jellis,3/09/2017,7.7,3124,4,2,2,,260,2010,Boroondara City Council,-37.84612,145.09485,Southern Metropolitan,8920
Brunswick East,1/10 Linden St,3,t,1010000,S,Nelson,23/04/2016,4.5,3057,3,2,1,0,133,2014,Moreland City Council,-37.774,144.9731,Northern Metropolitan,5533
Essendon,1/10 Loeman St,2,u,370000,PI,Hodges,7/11/2016,8,3040,2,1,3,0,55,1975,Moonee Valley City Council,-37.7569,144.9256,Western Metropolitan,9264
Doncaster,1/10 Madeleine St,4,u,753000,S,Barry,13/08/2016,13.9,3108,3,1,1,241,105,1970,Manningham City Council,-37.7743,145.1093,Eastern Metropolitan,9028
Brighton,1/10 Manor St,3,h,1650000,S,Nick,10/09/2016,11.2,3186,3,2,2,0,111,1980,Bayside City Council,-37.9174,144.9895,Southern Metropolitan,10579
Burwood,1/10 McComas Gr,2,u,650000,PI,Buxton,11/03/2017,11.7,3125,2,1,1,194,120,1975,Monash City Council,-37.8509,145.1119,Southern Metropolitan,5678
Clayton,1/10 Morton St,3,u,780000,SP,Buxton,24/06/2017,16.7,3168,3,2,1,318,103,2000,Monash City Council,-37.91712,145.13625,South-Eastern Metropolitan,5837
Sunshine,1/10 Norma St,2,u,425500,SP,Barry,15/10/2016,12.6,3020,2,1,0,153,72,1970,Brimbank City Council,-37.7912,144.8439,Western Metropolitan,3755
Ivanhoe,1/10 Oriel Rd,3,t,700000,S,Barry,27/06/2016,7.9,3079,3,2,1,189,110,1990,Banyule City Council,-37.7661,145.0354,Eastern Metropolitan,5549
Mitcham,1/10 Owen St,3,u,820000,VB,Noel,27/05/2017,17.2,3132,3,1,2,439,110,1960,Whitehorse City Council,-37.82596,145.1872,Eastern Metropolitan,6871
Sandringham,1/10 Reno Rd,4,h,1235000,S,Hodges,29/07/2017,15.2,3191,4,2,2,404,165,1925,Bayside City Council,-37.95882,145.02138,Southern Metropolitan,4497
Essendon,1/10 Schofield St,3,u,786000,S,Nelson,3/06/2017,7.5,3040,3,2,1,138,,1982,Moonee Valley City Council,-37.75284,144.90975,Western Metropolitan,9264
Moonee Ponds,1/10 Scotia St,2,u,675000,S,Brad,8/10/2016,6.9,3039,2,1,1,206,,,Moonee Valley City Council,-37.7694,144.9059,Western Metropolitan,6232
Carnegie,1/10 Wanalta Rd,2,u,985000,S,Woodards,16/09/2017,10.1,3163,2,1,1,,,,Glen Eira City Council,-37.88903,145.04669,Southern Metropolitan,7822
Elwood,1/10 Wilton Gr,3,t,1350000,S,hockingstuart,3/09/2016,7.7,3184,3,2,2,1170,,,Port Phillip City Council,-37.8831,144.9801,Southern Metropolitan,8989
Essendon,1/10 Winifred St,3,h,850000,PI,Purplebricks,27/05/2017,7.5,3040,3,2,2,204,,,Moonee Valley City Council,-37.74487,144.91194,Western Metropolitan,9264
Balwyn,1/100 Balwyn Rd,2,u,460000,PI,Barry,27/05/2017,7.9,3103,2,1,1,0,,,Boroondara City Council,-37.81172,145.08175,Southern Metropolitan,5682
Richmond,1/100 Rowena Pde,2,u,530000,SP,Biggin,16/09/2017,2.4,3121,2,1,1,,,1970,Yarra City Council,-37.82106,144.99522,Northern Metropolitan,14949
Ivanhoe,1/100 St Elmo Rd,2,u,450000,S,Miles,19/11/2016,7.9,3079,2,1,1,0,,,Banyule City Council,-37.759,145.047,Eastern Metropolitan,5549
Pascoe Vale,1/101 Essex St,2,u,641000,S,Nelson,9/09/2017,8.5,3044,2,1,1,,102,1975,Moreland City Council,-37.72655,144.93827,Northern Metropolitan,7485
Moorabbin,1/1017 Nepean Hwy,3,t,750000,PI,Buxton,7/05/2016,14.6,3189,3,2,1,164,123,2010,Kingston City Council,-37.9378,145.0385,Southern Metropolitan,2555
Preston,1/103 Bruce St,3,t,965000,S,hockingstuart,1/07/2017,8.4,3072,,,,,,,Darebin City Council,-37.74169,144.99242,Northern Metropolitan,14577
Reservoir,1/104 Cheddar Rd,3,h,410000,S,hockingstuart,15/10/2016,11.2,3073,3,1,1,250,105,1960,Darebin City Council,-37.6974,145.0213,Northern Metropolitan,21650
Brighton,1/105 Cochrane St,3,u,826000,S,Biggin,14/05/2016,11.2,3186,3,1,2,119,,,Bayside City Council,-37.8958,144.9994,Southern Metropolitan,10579
Mentone,1/107 Warrigal Rd,2,u,455000,S,Buxton,17/06/2017,20,3194,2,1,1,3160,,1970,Kingston City Council,-37.97946,145.07167,South-Eastern Metropolitan,6162
Blackburn North,1/108 Surrey Rd,2,u,706000,S,Hoskins,15/07/2017,13.4,3130,2,1,1,305,305,1940,Whitehorse City Council,-37.80906,145.15787,Eastern Metropolitan,2867
Carnegie,1/108 Truganini Rd,4,t,1250000,S,hockingstuart,8/07/2017,10.1,3163,4,3,2,326,223,2005,Glen Eira City Council,-37.89334,145.05463,Southern Metropolitan,7822
Carnegie,1/108 Truganini Rd,3,t,970000,PI,Marshall,14/05/2016,11.4,3163,3,2,2,325,223,2005,Glen Eira City Council,-37.8933,145.0546,Southern Metropolitan,7822
North Melbourne,1/109 Arden St,2,u,665500,S,Alexkarbon,27/11/2016,2.3,3051,2,2,1,0,96,2012,Melbourne City Council,-37.8009,144.9471,Northern Metropolitan,6821
Brighton,1/109 Roslyn St,4,t,1700000,VB,Marshall,3/09/2017,10.5,3186,4,3,2,,,,Bayside City Council,-37.91897,145.00329,Southern Metropolitan,10579
Burwood,1/109 Station St,3,u,686000,PI,Ray,4/03/2017,11.7,3125,3,1,2,273,,1980,Monash City Council,-37.8473,145.1203,Southern Metropolitan,5678
Hawthorn East,1/1091 Burke Rd,2,u,615888,SP,Marshall,8/07/2017,6.2,3123,2,1,1,915,73,1970,Boroondara City Council,-37.81835,145.05895,Southern Metropolitan,6482
Fawkner,1/11 Brockley Rd,3,h,400000,S,Raine,22/05/2016,12.4,3060,3,1,1,285,,,Hume City Council,-37.7161,144.9662,Northern Metropolitan,5070
Sunshine West,1/11 Glengala Rd,3,h,453000,S,hockingstuart,17/06/2017,10.5,3020,3,1,1,305,,2006,Brimbank City Council,-37.78874,144.82399,Western Metropolitan,6763
Yarraville,1/11 Goulburn St,2,h,960000,S,Village,4/03/2017,7,3013,2,2,1,159,,,Maribyrnong City Council,-37.8154,144.8917,Western Metropolitan,6543
Preston,1/11 Graham Ct,3,u,810000,S,RW,26/08/2017,8.4,3072,3,1,2,,105,1970,Darebin City Council,-37.73433,144.99504,Northern Metropolitan,14577
Chadstone,1/11 Hiscock St,3,t,930000,S,Ray,8/07/2017,11.7,3148,3,2,1,0,127,2011,Monash City Council,-37.88289,145.09871,Southern Metropolitan,3582
Lalor,1/11 Maxwell St,2,h,511500,SP,Harcourts,24/06/2017,16.3,3075,2,1,2,416,93,1960,Whittlesea City Council,-37.67096,145.02445,Northern Metropolitan,8279
Brunswick,1/11 Millward St,2,u,515000,S,Woodards,3/09/2017,5.2,3056,2,1,1,,,,Moreland City Council,-37.77421,144.9505,Northern Metropolitan,11918
Prahran,1/11 Mount St,3,t,1015000,S,Beller,24/09/2016,4.5,3181,3,3,1,0,,,Stonnington City Council,-37.8514,144.9957,Southern Metropolitan,7717
South Kingsville,1/11 New St,3,u,508000,S,Sweeney,25/02/2017,9.1,3015,3,1,2,144,92,1980,Hobsons Bay City Council,-37.8268,144.8675,Western Metropolitan,984
Carnegie,1/11 Rosstown Rd,2,u,480000,VB,Better,15/07/2017,10.1,3163,2,1,1,830,,,Glen Eira City Council,-37.88414,145.0528,Southern Metropolitan,7822
Mont Albert,1/11 Rowland St,3,t,1580000,S,Marshall,16/09/2017,10.2,3127,3,2,2,1153,,,Boroondara City Council,-37.82055,145.11169,Eastern Metropolitan,2079
West Melbourne,1/110 Railway Pl,2,u,660000,PI,Nelson,27/05/2017,3.1,3003,2,1,1,0,91,1993,Melbourne City Council,-37.80848,144.9437,Northern Metropolitan,2230
Greensborough,1/111 Nepean St,2,u,585000,S,Darren,15/07/2017,16.1,3088,2,1,1,240,79,1965,Banyule City Council,-37.71254,145.09705,Northern Metropolitan,8524
Glen Huntly,1/1110 Glen Huntly Rd,2,u,450000,S,Woodards,29/07/2017,10.1,3163,2,1,1,0,77,2010,Glen Eira City Council,-37.88937,145.04038,Southern Metropolitan,2403
Glenroy,1/112 Cardinal Rd,4,t,608000,S,Raine,17/09/2016,13,3046,3,2,1,252,150,2014,Moreland City Council,-37.7006,144.9299,Northern Metropolitan,8870
Brighton,1/112 Roslyn St,2,u,1300000,S,Nick,4/03/2017,11.2,3186,2,2,2,329,132,1940,Bayside City Council,-37.9172,145.004,Southern Metropolitan,10579
Bentleigh East,1/112 Tambet St,2,h,742500,S,Woodards,12/11/2016,13.9,3165,2,1,1,300,135,1960,Glen Eira City Council,-37.9099,145.0726,Southern Metropolitan,10969
Coburg,1/115 Harding St,2,u,590000,S,Nelson,20/05/2017,7.8,3058,2,1,1,79,,,Darebin City Council,-37.746,144.9768,Northern Metropolitan,11204
Flemington,1/116 Edinburgh St,2,h,715000,SP,Nelson,8/10/2016,4.4,3031,2,1,1,0,,1980,Melbourne City Council,-37.7852,144.9223,Northern Metropolitan,3593
Reservoir,1/118 Rathcown Rd,2,u,502000,SP,Barry,15/07/2017,12,3073,2,1,2,230,69,2015,Darebin City Council,-37.709,145.02014,Northern Metropolitan,21650
Tullamarine,1/119 Melrose Dr,4,h,586000,SP,Stockdale,8/07/2017,12.9,3043,4,1,3,0,158,1975,Brimbank City Council,-37.70695,144.88514,Western Metropolitan,3296
Brighton,1/119 Roslyn St,3,t,1725000,PI,Buxton,4/03/2017,11.2,3186,3,2,2,411,225,1997,Bayside City Council,-37.918,145.0035,Southern Metropolitan,10579
Fawkner,1/12 Brooks St,3,t,460000,SP,Eview,15/10/2016,12.4,3060,3,1,1,314,112,1970,Hume City Council,-37.7066,144.9733,Northern Metropolitan,5070
Brighton,1/12 Burrows St,2,u,905500,S,Buxton,16/07/2016,11.2,3186,2,1,1,122,,,Bayside City Council,-37.9188,144.9942,Southern Metropolitan,10579
St Kilda,1/12 Charles St,2,u,730000,S,RT,27/05/2017,5,3182,2,1,0,284,,,Port Phillip City Council,-37.86309,144.98302,Southern Metropolitan,13240
Maidstone,1/12 Clarendon St,3,h,490000,SP,Biggin,26/07/2016,9.2,3012,3,1,2,269,80,1960,Maribyrnong City Council,-37.7844,144.8665,Western Metropolitan,3873
Hampton,1/12 Grenville St,2,u,860000,S,Buxton,29/04/2017,13.7,3188,2,1,1,90,90,1962,Bayside City Council,-37.9354,144.9994,Southern Metropolitan,5454
West Footscray,1/12 Hatfield Ct,6,u,520000,SP,Sweeney,7/05/2016,8.2,3012,4,2,1,0,171,1970,Maribyrnong City Council,-37.809,144.8686,Western Metropolitan,5058
West Footscray,1/12 Hatfield Ct,4,u,530000,SP,Sweeney,10/09/2016,8.2,3012,4,2,1,0,171,1970,Maribyrnong City Council,-37.809,144.8686,Western Metropolitan,5058
Mont Albert,1/12 Hotham St,2,u,850000,SP,hockingstuart,9/09/2017,10.2,3127,2,1,1,2243,,,Boroondara City Council,-37.81452,145.10884,Eastern Metropolitan,2079
Bentleigh East,1/12 Hull St,3,h,825000,S,hockingstuart,6/05/2017,13.9,3165,,,,,,,Glen Eira City Council,-37.9195,145.0686,Southern Metropolitan,10969
Highett,1/12 Jillian Av,3,t,1200000,S,Charlton,29/07/2017,16,3190,3,1,2,269,125,2000,Bayside City Council,-37.94775,145.02379,Southern Metropolitan,4794